vehicle_id,rssi,snr,interval,label
Transport-1,-65,8.6,1091,0
Transport-1,-65,9.0,857,0
Transport-1,-60,7.9,1019,0
Transport-1,-62,11.0,1169,0
Transport-1,-67,5.2,1014,0
Transport-1,-63,12.0,978,0
Transport-1,-60,7.6,803,0
Transport-1,-62,8.1,1252,0
Transport-1,-72,12.6,834,0
Transport-1,-69,7.8,1169,0
Transport-1,-58,8.8,883,0
Transport-1,-63,5.7,837,0
Transport-1,-71,7.2,882,0
Transport-1,-69,12.2,1183,0
Transport-1,-63,6.0,1188,0
Transport-1,-71,10.1,1019,0
Transport-1,-64,10.2,830,0
Transport-1,-54,7.3,1027,0
Transport-1,-64,14.6,1049,0
Transport-1,-63,10.0,1013,0
Transport-1,-64,8.3,949,0
Transport-1,-66,7.2,961,0
Transport-1,-63,10.0,1298,0
Transport-1,-62,9.7,874,0
Transport-1,-58,7.4,1073,0
Transport-1,-61,6.2,959,0
Transport-1,-61,4.8,1068,0
Transport-1,-60,11.0,993,0
Transport-1,-66,6.6,800,0
Transport-1,-61,5.2,846,0
Transport-1,-67,8.8,981,0
Transport-1,-65,11.6,1109,0
Transport-1,-62,8.2,1104,0
Transport-1,-54,6.5,1232,0
Transport-1,-69,8.7,892,0
Transport-1,-66,9.3,1237,0
Transport-1,-57,10.3,1038,0
Transport-1,-70,7.4,1024,0
Transport-1,-73,10.0,1161,0
Transport-1,-69,5.0,1101,0
Transport-1,-60,6.8,1365,0
Transport-1,-68,9.5,1078,0
Transport-1,-57,6.3,894,0
Transport-1,-65,10.8,1000,0
Transport-1,-66,7.2,1111,0
Transport-1,-68,5.8,1240,0
Transport-1,-64,4.4,971,0
Transport-1,-63,12.9,865,0
Transport-1,-60,8.8,1057,0
Transport-1,-63,7.5,1060,0
Transport-1,-67,4.1,906,0
Transport-1,-61,8.7,1212,0
Transport-1,-65,10.7,1074,0
Transport-1,-70,8.0,1252,0
Transport-1,-66,3.1,991,0
Transport-1,-60,14.0,1058,0
Transport-1,-71,6.9,1159,0
Transport-1,-59,11.9,1146,0
Transport-1,-64,7.0,800,0
Transport-1,-67,11.7,938,0
Transport-1,-62,8.3,862,0
Transport-1,-63,6.7,1088,0
Transport-1,-60,10.8,896,0
Transport-1,-66,7.9,800,0
Transport-1,-59,10.4,1322,0
Transport-1,-70,9.7,918,0
Transport-1,-59,7.1,1123,0
Transport-1,-55,9.3,800,0
Transport-1,-58,7.8,967,0
Transport-1,-63,9.6,811,0
Transport-1,-49,4.3,1258,0
Transport-1,-62,9.8,948,0
Transport-1,-68,9.4,804,0
Transport-1,-76,8.4,1265,0
Transport-1,-62,9.5,1577,0
Transport-1,-73,14.7,1158,0
Transport-1,-64,9.5,1123,0
Transport-1,-57,10.4,938,0
Transport-1,-72,8.2,873,0
Transport-1,-76,12.6,979,0
Transport-1,-67,8.4,1011,0
Transport-1,-73,7.2,1031,0
Transport-1,-65,9.9,1007,0
Transport-1,-63,7.4,973,0
Transport-1,-62,6.6,1012,0
Transport-1,-66,9.7,947,0
Transport-1,-57,8.5,1151,0
Transport-1,-65,5.4,946,0
Transport-1,-72,9.8,834,0
Transport-1,-75,8.5,1049,0
Transport-1,-68,7.4,825,0
Transport-1,-62,12.8,1013,0
Transport-1,-67,8.5,1275,0
Transport-1,-66,6.1,1238,0
Transport-1,-62,6.0,1254,0
Transport-1,-61,9.6,1074,0
Transport-1,-64,11.5,802,0
Transport-1,-68,5.5,901,0
Transport-1,-60,9.1,960,0
Transport-1,-58,5.8,800,0
Transport-1,-69,10.1,1222,0
Transport-1,-60,10.9,820,0
Transport-1,-65,8.4,802,0
Transport-1,-66,7.6,1047,0
Transport-1,-67,12.1,807,0
Transport-1,-67,12.1,995,0
Transport-1,-71,11.4,979,0
Transport-1,-63,2.8,948,0
Transport-1,-60,5.2,923,0
Transport-1,-71,11.6,1227,0
Transport-1,-65,7.4,1207,0
Transport-1,-64,9.0,1226,0
Transport-1,-73,4.2,908,0
Transport-1,-61,7.4,919,0
Transport-1,-64,6.4,917,0
Transport-1,-56,5.2,1027,0
Transport-1,-65,9.0,962,0
Transport-1,-67,8.3,924,0
Transport-1,-59,8.3,1089,0
Transport-1,-71,4.7,1280,0
Transport-1,-69,8.9,997,0
Transport-1,-65,7.0,1294,0
Transport-1,-62,8.3,1024,0
Transport-1,-63,5.1,1039,0
Transport-1,-65,8.4,1382,0
Transport-1,-58,12.5,1309,0
Transport-1,-56,8.6,958,0
Transport-1,-62,7.2,811,0
Transport-1,-68,14.3,1186,0
Transport-1,-63,9.5,1163,0
Transport-1,-58,12.0,903,0
Transport-1,-73,7.2,1194,0
Transport-1,-58,9.8,1106,0
Transport-1,-63,12.1,1193,0
Transport-1,-65,6.8,871,0
Transport-1,-62,10.9,1006,0
Transport-1,-66,4.7,1070,0
Transport-1,-71,11.3,808,0
Transport-1,-68,10.4,999,0
Transport-1,-57,5.9,1098,0
Transport-1,-59,3.5,880,0
Transport-1,-63,11.5,913,0
Transport-1,-56,9.4,1069,0
Transport-1,-63,8.8,892,0
Transport-1,-70,9.9,1101,0
Transport-1,-54,8.3,1172,0
Transport-1,-65,10.5,1342,0
Transport-1,-60,3.0,1101,0
Transport-1,-59,9.9,980,0
Transport-1,-56,12.0,962,0
Transport-1,-70,9.5,1315,0
Transport-1,-63,8.5,1105,0
Transport-1,-63,7.0,1150,0
Transport-1,-69,2.6,1065,0
Transport-1,-64,5.4,1155,0
Transport-1,-65,6.5,996,0
Transport-1,-58,7.4,841,0
Transport-1,-68,9.8,963,0
Transport-1,-67,9.6,1150,0
Transport-1,-63,4.7,800,0
Transport-1,-69,6.4,1090,0
Transport-1,-71,4.8,800,0
Transport-1,-61,9.4,1149,0
Transport-1,-60,6.0,1248,0
Transport-1,-64,8.3,1002,0
Transport-1,-66,7.8,1190,0
Transport-1,-61,8.6,962,0
Transport-1,-63,14.6,1167,0
Transport-1,-62,8.6,801,0
Transport-1,-57,14.7,1091,0
Transport-1,-67,4.1,1164,0
Transport-1,-63,6.2,1366,0
Transport-1,-63,11.6,1057,0
Transport-1,-66,7.6,851,0
Transport-1,-68,7.6,1064,0
Transport-1,-63,11.0,869,0
Transport-1,-71,8.1,817,0
Transport-1,-60,10.5,1085,0
Transport-1,-65,2.0,846,0
Transport-1,-69,7.6,966,0
Transport-1,-58,8.5,1014,0
Transport-1,-55,5.7,800,0
Transport-1,-56,11.9,1065,0
Transport-1,-63,10.1,1100,0
Transport-1,-60,13.3,1207,0
Transport-1,-60,7.3,1222,0
Transport-1,-71,8.2,1072,0
Transport-1,-62,8.9,1058,0
Transport-1,-59,7.2,956,0
Transport-1,-67,9.5,890,0
Transport-1,-75,8.1,1361,0
Transport-1,-65,9.0,1021,0
Transport-1,-64,13.4,1071,0
Transport-1,-66,12.1,1202,0
Transport-1,-70,5.8,1072,0
Transport-1,-56,8.0,1038,0
Transport-1,-65,10.3,1113,0
Transport-1,-64,9.4,931,0
Transport-1,-75,7.9,1165,0
Transport-1,-59,5.1,1037,0
Transport-1,-63,8.8,1403,0
Transport-1,-67,7.3,918,0
Transport-1,-66,6.6,1069,0
Transport-1,-57,8.2,872,0
Transport-1,-68,8.5,1102,0
Transport-1,-68,7.4,1123,0
Transport-1,-60,6.3,1012,0
Transport-1,-72,5.2,1007,0
Transport-1,-58,11.1,1245,0
Transport-1,-62,5.6,873,0
Transport-1,-68,11.0,1108,0
Transport-1,-69,11.0,870,0
Transport-1,-63,9.1,982,0
Transport-1,-74,5.4,1205,0
Transport-1,-60,6.2,1098,0
Transport-1,-72,6.1,800,0
Transport-1,-67,7.8,1041,0
Transport-1,-58,10.5,800,0
Transport-1,-67,5.8,1134,0
Transport-1,-60,13.5,920,0
Transport-1,-58,6.0,1319,0
Transport-1,-61,3.7,848,0
Transport-1,-58,7.8,904,0
Transport-1,-62,6.6,854,0
Transport-1,-65,10.6,930,0
Transport-1,-60,11.3,1091,0
Transport-1,-63,5.9,1054,0
Transport-1,-69,7.2,1287,0
Transport-1,-65,7.7,1163,0
Transport-1,-71,9.2,1028,0
Transport-1,-62,4.8,929,0
Transport-1,-63,6.8,1230,0
Transport-1,-67,8.3,858,0
Transport-1,-66,5.0,861,0
Transport-1,-66,10.0,815,0
Transport-1,-56,7.2,1139,0
Transport-1,-67,5.7,984,0
Transport-1,-73,11.8,1031,0
Transport-1,-61,10.4,912,0
Transport-1,-66,6.7,981,0
Transport-1,-61,5.8,800,0
Transport-1,-69,7.9,879,0
Transport-1,-65,8.8,1145,0
Transport-1,-69,13.3,1227,0
Transport-1,-66,9.7,1050,0
Transport-1,-54,8.5,1016,0
Transport-1,-67,10.3,955,0
Transport-1,-60,6.2,876,0
Transport-1,-76,9.8,1029,0
Transport-1,-56,9.9,807,0
Transport-1,-64,10.2,1264,0
Transport-1,-67,6.4,889,0
Transport-1,-65,7.6,1039,0
Transport-1,-66,10.3,1203,0
Transport-1,-65,11.6,1035,0
Transport-1,-63,9.6,1063,0
Transport-1,-67,8.5,1056,0
Transport-1,-61,9.4,1270,0
Transport-1,-62,7.2,1318,0
Transport-1,-61,7.3,866,0
Transport-1,-62,5.6,1145,0
Transport-1,-62,12.4,800,0
Transport-1,-61,9.5,874,0
Transport-1,-59,5.6,1174,0
Transport-1,-63,7.7,1009,0
Transport-1,-61,6.6,1218,0
Transport-1,-59,8.5,1146,0
Transport-1,-68,9.2,859,0
Transport-1,-66,10.6,1297,0
Transport-1,-56,9.8,937,0
Transport-1,-56,6.3,1003,0
Transport-1,-62,8.9,1138,0
Transport-1,-59,5.2,875,0
Transport-1,-61,10.8,1388,0
Transport-1,-73,9.3,924,0
Transport-1,-68,8.7,1236,0
Transport-1,-60,9.4,998,0
Transport-1,-69,5.9,1171,0
Transport-1,-55,7.7,933,0
Transport-1,-59,11.6,1004,0
Transport-1,-61,10.3,1198,0
Transport-1,-61,6.6,1128,0
Transport-1,-69,12.4,1005,0
Transport-1,-59,7.9,1408,0
Transport-1,-71,11.0,890,0
Transport-1,-67,5.9,816,0
Transport-1,-62,10.8,1127,0
Transport-1,-60,8.5,852,0
Transport-1,-67,7.1,1018,0
Transport-1,-66,10.9,865,0
Transport-1,-66,7.9,950,0
Transport-1,-60,7.0,1064,0
Transport-1,-64,8.0,880,0
Transport-1,-64,7.3,1117,0
Transport-1,-61,7.4,991,0
Transport-1,-69,4.3,932,0
Transport-1,-64,7.1,944,0
Transport-1,-71,10.9,1116,0
Transport-1,-58,7.3,1205,0
Transport-1,-59,9.3,1281,0
Transport-1,-83,4.4,1982,1
Transport-1,-79,0.1,2184,1
Transport-1,-73,1.2,1645,1
Transport-1,-90,0.2,1795,1
Transport-1,-78,6.0,1700,1
Transport-1,-79,1.1,1786,1
Transport-1,-82,5.0,2364,1
Transport-1,-91,4.1,1372,1
Transport-1,-70,1.6,2356,1
Transport-1,-74,-2.6,1606,1
Transport-1,-91,5.8,1842,1
Transport-1,-73,3.6,1863,1
Transport-1,-88,2.6,2057,1
Transport-1,-84,1.0,1714,1
Transport-1,-87,2.8,2227,1
Transport-1,-77,0.0,1953,1
Transport-1,-86,0.4,2460,1
Transport-1,-72,6.8,1401,1
Transport-1,-92,-4.5,2144,1
Transport-1,-81,-1.4,1818,1
Transport-1,-82,0.3,1359,1
Transport-1,-81,1.9,2085,1
Transport-1,-77,6.6,2027,1
Transport-1,-82,2.3,1872,1
Transport-1,-75,2.2,2518,1
Transport-1,-93,2.9,2109,1
Transport-1,-85,3.2,1608,1
Transport-1,-87,5.5,2114,1
Transport-1,-70,2.3,1567,1
Transport-1,-80,-0.6,2047,1
Transport-1,-66,1.6,1888,1
Transport-1,-76,3.7,2145,1
Transport-1,-74,-0.6,2401,1
Transport-1,-74,1.5,1027,1
Transport-1,-69,4.4,2341,1
Transport-1,-78,-3.0,2099,1
Transport-1,-81,3.1,2298,1
Transport-1,-75,-0.4,2109,1
Transport-1,-84,6.6,1816,1
Transport-1,-92,2.6,1725,1
Transport-1,-80,3.4,1734,1
Transport-1,-70,5.0,1622,1
Transport-1,-75,-2.3,1919,1
Transport-1,-73,2.7,2221,1
Transport-1,-75,7.3,1683,1
Transport-1,-80,1.3,1586,1
Transport-1,-78,1.8,1876,1
Transport-1,-84,0.5,1474,1
Transport-1,-86,-4.5,1657,1
Transport-1,-76,1.0,1390,1
Transport-1,-76,3.5,1663,1
Transport-1,-83,4.6,1512,1
Transport-1,-85,5.5,2191,1
Transport-1,-83,-1.2,1969,1
Transport-1,-66,-1.0,1344,1
Transport-1,-80,0.3,2350,1
Transport-1,-77,8.8,1400,1
Transport-1,-76,4.8,2062,1
Transport-1,-86,3.8,1722,1
Transport-1,-88,3.7,2460,1
Transport-1,-89,4.1,2256,1
Transport-1,-83,-4.8,2515,1
Transport-1,-83,0.0,2149,1
Transport-1,-82,7.3,1661,1
Transport-1,-78,-1.6,1146,1
Transport-1,-92,1.5,2268,1
Transport-1,-74,4.2,1496,1
Transport-1,-85,2.3,2059,1
Transport-1,-77,3.2,1897,1
Transport-1,-70,2.0,1924,1
Transport-1,-77,1.9,2282,1
Transport-1,-70,10.3,1562,1
Transport-1,-98,2.7,1810,1
Transport-1,-82,-3.7,1783,1
Transport-1,-90,3.8,2062,1
Transport-1,-72,-0.5,1792,1
Transport-1,-91,-0.1,2411,1
Transport-1,-81,4.1,1937,1
Transport-1,-72,1.6,2147,1
Transport-1,-85,7.9,2071,1
Transport-1,-83,1.9,2334,1
Transport-1,-76,-4.4,1676,1
Transport-1,-78,2.7,1529,1
Transport-1,-86,7.8,2299,1
Transport-1,-74,4.0,2534,1
Transport-1,-79,-0.2,1671,1
Transport-1,-74,2.7,2007,1
Transport-1,-88,1.5,1955,1
Transport-1,-82,2.2,1982,1
Transport-1,-85,3.7,1917,1
Transport-1,-73,2.1,2872,1
Transport-1,-78,-1.6,2223,1
Transport-1,-74,2.3,1756,1
Transport-1,-66,5.9,2109,1
Transport-1,-77,-2.1,1556,1
Transport-1,-85,-1.2,1392,1
Transport-1,-80,3.3,2485,1
Transport-1,-72,-0.4,2027,1
Transport-1,-73,-1.2,1050,1
Transport-1,-81,0.6,1977,1
Transport-1,-81,3.4,1911,1
Transport-1,-74,4.1,1188,1
Transport-1,-78,5.5,1503,1
Transport-1,-78,5.4,2284,1
Transport-1,-84,-0.0,2234,1
Transport-1,-76,0.4,2597,1
Transport-1,-92,4.7,1610,1
Transport-1,-73,1.4,1880,1
Transport-1,-89,0.6,1300,1
Transport-1,-73,8.3,1958,1
Transport-1,-92,2.1,1850,1
Transport-1,-68,0.1,1724,1
Transport-1,-77,6.6,2178,1
Transport-1,-89,1.1,2041,1
Transport-1,-77,-0.2,1770,1
Transport-1,-80,5.0,2126,1
Transport-1,-72,0.1,2393,1
Transport-1,-72,5.0,1485,1
Transport-1,-78,1.4,1389,1
Transport-1,-88,-0.0,1927,1
Transport-1,-63,2.2,2017,1
Transport-1,-92,5.3,2315,1
Transport-1,-71,3.1,2198,1
Transport-1,-77,1.2,2115,1
Transport-1,-70,4.5,1991,1
Transport-1,-77,5.5,1848,1
Transport-1,-81,5.5,1992,1
Transport-1,-78,4.7,1668,1
Transport-1,-78,-2.2,2504,1
Transport-1,-84,0.6,1858,1
Transport-1,-93,3.7,1152,1
Transport-1,-84,-2.9,2258,1
Transport-1,-94,4.9,1969,1
Transport-1,-89,2.6,2547,1
Transport-1,-86,6.1,1620,1
Transport-1,-78,5.7,1172,1
Transport-1,-76,3.6,2327,1
Transport-1,-84,2.1,1669,1
Transport-1,-78,-0.5,1431,1
Transport-1,-76,0.3,2325,1
Transport-1,-74,3.1,1440,1
Transport-1,-88,3.2,1576,1
Transport-1,-72,6.0,1828,1
Transport-1,-87,-0.9,1724,1
Transport-1,-80,4.7,1891,1
Transport-1,-75,1.0,1837,1
Transport-1,-90,0.0,2726,1
Transport-1,-84,3.0,1377,1
Transport-1,-87,0.6,2233,1
Transport-1,-80,1.7,2239,1
Transport-1,-91,-2.6,2121,1
Transport-1,-75,0.3,1903,1
Transport-1,-87,-2.6,1874,1
Transport-1,-99,3.1,1987,1
Transport-1,-73,0.3,1450,1
Transport-1,-74,3.6,2026,1
Transport-1,-83,2.9,2027,1
Transport-1,-76,2.2,2017,1
Transport-1,-89,-5.0,2071,1
Transport-1,-97,3.8,1533,1
Transport-1,-68,-0.5,1921,1
Transport-1,-89,1.6,1756,1
Transport-1,-90,4.3,1871,1
Transport-1,-71,4.1,1811,1
Transport-1,-82,3.4,2120,1
Transport-1,-82,2.9,1727,1
Transport-1,-87,6.7,2469,1
Transport-1,-80,7.4,1484,1
Transport-1,-76,6.2,2581,1
Transport-1,-73,3.4,2287,1
Transport-1,-67,3.5,1583,1
Transport-1,-75,6.2,1515,1
Transport-1,-89,6.2,1752,1
Transport-1,-86,2.6,1253,1
Transport-1,-87,0.4,1617,1
Transport-1,-94,0.8,2036,1
Transport-1,-83,3.6,2267,1
Transport-1,-76,-1.6,1747,1
Transport-1,-66,0.9,1439,1
Transport-1,-74,4.2,1589,1
Transport-1,-94,-5.6,2484,2
Transport-1,-105,-5.5,2663,2
Transport-1,-95,-1.2,2838,2
Transport-1,-93,-3.5,2756,2
Transport-1,-95,-9.8,2713,2
Transport-1,-99,-2.3,2404,2
Transport-1,-99,-2.2,2844,2
Transport-1,-98,-9.1,2993,2
Transport-1,-88,-8.3,2889,2
Transport-1,-96,-1.0,2573,2
Transport-1,-100,-6.0,2448,2
Transport-1,-97,-7.3,2697,2
Transport-1,-86,-4.2,2777,2
Transport-1,-98,-5.2,2865,2
Transport-1,-105,1.3,2699,2
Transport-1,-90,-1.0,2591,2
Transport-1,-101,-8.8,2307,2
Transport-1,-102,-5.5,2787,2
Transport-1,-89,-3.9,2453,2
Transport-1,-98,-2.9,2896,2
Transport-1,-99,-10.1,2618,2
Transport-1,-97,-3.4,2712,2
Transport-1,-92,-4.1,2870,2
Transport-1,-97,-4.0,2558,2
Transport-1,-100,-2.7,2970,2
Transport-1,-96,-8.5,2372,2
Transport-1,-91,-6.1,2648,2
Transport-1,-99,-0.2,2971,2
Transport-1,-107,-4.7,2918,2
Transport-1,-106,-2.8,2554,2
Transport-1,-101,-1.0,2581,2
Transport-1,-94,-6.8,2163,2
Transport-1,-93,-3.4,2517,2
Transport-1,-86,-8.0,2666,2
Transport-1,-96,-6.5,2993,2
Transport-1,-95,2.6,3000,2
Transport-1,-102,-3.8,2420,2
Transport-1,-102,-6.8,2714,2
Transport-1,-99,-6.7,2579,2
Transport-1,-95,-10.6,2622,2
Transport-1,-98,-4.9,2741,2
Transport-1,-99,1.6,2537,2
Transport-1,-103,-8.4,2803,2
Transport-1,-103,-8.2,2979,2
Transport-1,-98,-6.4,2349,2
Transport-1,-95,-4.1,2949,2
Transport-1,-102,-1.7,2722,2
Transport-1,-87,-11.0,2828,2
Transport-1,-93,-8.6,2811,2
Transport-1,-99,-7.1,2701,2
Transport-1,-107,-0.3,2834,2
Transport-1,-92,-6.8,2370,2
Transport-1,-101,-3.4,2608,2
Transport-1,-97,-7.5,2907,2
Transport-1,-97,-2.4,3000,2
Transport-1,-100,-3.6,2206,2
Transport-1,-90,-2.6,2981,2
Transport-1,-95,-5.0,2713,2
Transport-1,-97,-0.7,2787,2
Transport-1,-95,-5.6,2304,2
Transport-1,-92,-2.2,2351,2
Transport-1,-94,0.5,2820,2
Transport-1,-97,-3.0,2511,2
Transport-1,-98,-1.7,2289,2
Transport-1,-91,-2.3,2758,2
Transport-1,-97,-6.6,2244,2
Transport-1,-99,-6.0,2990,2
Transport-1,-97,-1.4,2686,2
Transport-1,-100,4.7,2972,2
Transport-1,-101,4.3,2485,2
Transport-1,-102,-4.3,2717,2
Transport-1,-103,-3.4,2889,2
Transport-1,-95,-4.3,2423,2
Transport-1,-94,-0.2,2582,2
Transport-1,-100,-12.7,2937,2
Transport-1,-99,-11.1,2300,2
Transport-1,-90,-9.7,2718,2
Transport-1,-89,-4.6,2640,2
Transport-1,-95,-9.0,2937,2
Transport-1,-98,-0.5,2523,2
Transport-1,-104,-12.0,2759,2
Transport-1,-109,0.5,2519,2
Transport-1,-100,0.4,2822,2
Transport-1,-96,-6.6,2636,2
Transport-1,-100,-4.7,2816,2
Transport-1,-101,-5.6,2664,2
Transport-1,-97,-8.5,2647,2
Transport-1,-102,-7.4,2476,2
Transport-1,-102,-0.3,2428,2
Transport-1,-97,-0.4,2397,2
Transport-1,-98,-5.5,2661,2
Transport-1,-94,-4.0,2664,2
Transport-1,-103,-1.5,2986,2
Transport-1,-95,-7.0,2772,2
Transport-1,-98,-7.9,2820,2
Transport-1,-100,-2.2,2696,2
Transport-1,-94,-7.3,2654,2
Transport-1,-94,-9.3,2519,2
Transport-1,-86,-5.0,2473,2
Transport-1,-103,-11.0,2560,2
Transport-1,-93,2.5,2874,2
Transport-1,-100,-6.0,2840,2
Transport-1,-92,-7.2,2761,2
Transport-1,-99,-6.9,2262,2
Transport-1,-94,-5.4,2579,2
Transport-1,-96,-4.5,2569,2
Transport-1,-99,-1.7,2625,2
Transport-1,-90,-8.4,2329,2
Transport-1,-91,-3.3,2628,2
Transport-1,-100,-5.6,2589,2
Transport-1,-103,-3.7,2623,2
Transport-1,-87,-5.1,2920,2
Transport-1,-107,-2.2,2726,2
Transport-1,-93,-9.6,2872,2
Transport-1,-97,-3.3,2255,2
Transport-1,-104,-2.8,2456,2
Transport-1,-96,-2.5,2765,2
Transport-1,-91,-3.9,2800,2
Transport-1,-94,-5.1,2836,2
Transport-1,-101,-7.6,2594,2
Transport-2,-86,8.4,1217,0
Transport-2,-78,9.0,863,0
Transport-2,-86,7.8,934,0
Transport-2,-84,10.7,1021,0
Transport-2,-77,8.3,1053,0
Transport-2,-86,5.6,1058,0
Transport-2,-90,9.4,882,0
Transport-2,-78,11.1,986,0
Transport-2,-82,6.9,958,0
Transport-2,-84,9.2,876,0
Transport-2,-83,10.4,1177,0
Transport-2,-91,6.4,1132,0
Transport-2,-92,10.2,1105,0
Transport-2,-81,7.0,1174,0
Transport-2,-76,4.2,1146,0
Transport-2,-75,5.4,826,0
Transport-2,-93,5.6,885,0
Transport-2,-85,12.6,993,0
Transport-2,-86,5.1,800,0
Transport-2,-80,8.8,1038,0
Transport-2,-95,8.1,900,0
Transport-2,-90,6.6,1400,0
Transport-2,-84,8.8,1041,0
Transport-2,-83,11.6,804,0
Transport-2,-89,7.6,1018,0
Transport-2,-86,5.4,1239,0
Transport-2,-81,11.5,1266,0
Transport-2,-91,11.2,1314,0
Transport-2,-84,8.8,1370,0
Transport-2,-95,7.8,1023,0
Transport-2,-81,7.2,854,0
Transport-2,-89,11.0,1002,0
Transport-2,-80,4.1,1340,0
Transport-2,-86,10.7,865,0
Transport-2,-90,9.5,989,0
Transport-2,-80,11.6,1070,0
Transport-2,-83,4.9,985,0
Transport-2,-103,7.0,868,0
Transport-2,-87,7.5,821,0
Transport-2,-91,4.3,1022,0
Transport-2,-80,10.0,813,0
Transport-2,-85,6.6,1137,0
Transport-2,-77,8.4,1389,0
Transport-2,-86,15.0,1101,0
Transport-2,-83,7.2,1075,0
Transport-2,-71,9.1,942,0
Transport-2,-76,6.3,1031,0
Transport-2,-80,8.4,941,0
Transport-2,-77,6.9,1167,0
Transport-2,-92,8.2,1166,0
Transport-2,-89,5.6,966,0
Transport-2,-85,10.3,1161,0
Transport-2,-87,9.0,800,0
Transport-2,-91,6.6,804,0
Transport-2,-77,9.2,1087,0
Transport-2,-74,11.7,1027,0
Transport-2,-88,13.4,1048,0
Transport-2,-84,0.8,1185,0
Transport-2,-87,7.3,1047,0
Transport-2,-82,11.2,1031,0
Transport-2,-93,8.2,1330,0
Transport-2,-83,7.4,805,0
Transport-2,-96,11.2,800,0
Transport-2,-85,8.7,962,0
Transport-2,-83,8.6,1146,0
Transport-2,-79,7.3,954,0
Transport-2,-79,10.9,903,0
Transport-2,-83,5.8,1146,0
Transport-2,-78,10.1,862,0
Transport-2,-83,8.0,990,0
Transport-2,-81,9.8,1043,0
Transport-2,-100,10.5,1215,0
Transport-2,-81,8.7,806,0
Transport-2,-74,4.8,905,0
Transport-2,-78,6.4,957,0
Transport-2,-90,10.5,917,0
Transport-2,-76,7.2,899,0
Transport-2,-82,9.7,1319,0
Transport-2,-97,7.5,1179,0
Transport-2,-79,13.2,916,0
Transport-2,-88,10.5,1137,0
Transport-2,-81,8.1,1099,0
Transport-2,-73,8.4,987,0
Transport-2,-76,7.5,800,0
Transport-2,-89,6.4,843,0
Transport-2,-81,4.4,867,0
Transport-2,-70,6.6,1423,0
Transport-2,-81,4.8,1200,0
Transport-2,-92,5.9,1197,0
Transport-2,-88,8.3,1042,0
Transport-2,-89,8.8,934,0
Transport-2,-74,2.9,973,0
Transport-2,-94,5.6,1008,0
Transport-2,-96,9.8,1147,0
Transport-2,-81,7.5,1242,0
Transport-2,-83,9.0,1226,0
Transport-2,-88,7.2,1299,0
Transport-2,-89,8.2,835,0
Transport-2,-93,9.6,957,0
Transport-2,-88,9.6,1118,0
Transport-2,-82,5.7,942,0
Transport-2,-89,4.3,1205,0
Transport-2,-84,5.0,1427,0
Transport-2,-84,6.5,1024,0
Transport-2,-90,13.0,1280,0
Transport-2,-83,6.3,816,0
Transport-2,-67,6.0,1067,0
Transport-2,-85,3.7,1053,0
Transport-2,-75,10.8,1202,0
Transport-2,-89,9.5,1349,0
Transport-2,-80,7.6,1016,0
Transport-2,-98,7.1,883,0
Transport-2,-86,4.0,882,0
Transport-2,-81,10.7,943,0
Transport-2,-84,6.2,1334,0
Transport-2,-85,12.2,802,0
Transport-2,-84,7.8,1186,0
Transport-2,-77,8.0,1239,0
Transport-2,-92,9.0,1069,0
Transport-2,-88,10.1,866,0
Transport-2,-80,10.7,1110,0
Transport-2,-83,3.1,800,0
Transport-2,-75,13.9,1013,0
Transport-2,-88,10.1,800,0
Transport-2,-89,7.3,872,0
Transport-2,-88,5.3,840,0
Transport-2,-77,10.6,812,0
Transport-2,-85,11.5,1140,0
Transport-2,-85,10.2,1346,0
Transport-2,-88,4.1,1052,0
Transport-2,-101,9.2,1005,0
Transport-2,-96,8.0,1467,0
Transport-2,-86,9.1,1076,0
Transport-2,-90,6.6,1206,0
Transport-2,-80,8.9,1186,0
Transport-2,-92,4.5,911,0
Transport-2,-93,9.6,1171,0
Transport-2,-83,11.4,894,0
Transport-2,-70,6.4,800,0
Transport-2,-78,8.8,1015,0
Transport-2,-74,8.7,878,0
Transport-2,-77,10.9,1126,0
Transport-2,-87,6.1,1007,0
Transport-2,-85,7.7,1473,0
Transport-2,-79,10.5,996,0
Transport-2,-84,13.7,1173,0
Transport-2,-92,8.1,811,0
Transport-2,-94,11.2,1021,0
Transport-2,-85,8.4,800,0
Transport-2,-87,8.2,984,0
Transport-2,-80,10.9,814,0
Transport-2,-79,8.0,806,0
Transport-2,-86,8.9,883,0
Transport-2,-73,9.5,976,0
Transport-2,-88,7.3,971,0
Transport-2,-85,9.9,899,0
Transport-2,-88,6.6,932,0
Transport-2,-81,11.4,1184,0
Transport-2,-95,7.4,1137,0
Transport-2,-84,11.3,966,0
Transport-2,-78,11.6,1232,0
Transport-2,-80,6.9,1063,0
Transport-2,-79,6.3,827,0
Transport-2,-82,9.0,1067,0
Transport-2,-77,4.6,801,0
Transport-2,-83,8.4,913,0
Transport-2,-79,13.7,1089,0
Transport-2,-83,9.6,990,0
Transport-2,-86,5.6,1168,0
Transport-2,-89,2.7,1081,0
Transport-2,-86,5.7,935,0
Transport-2,-83,7.0,881,0
Transport-2,-82,9.7,807,0
Transport-2,-79,9.2,800,0
Transport-2,-90,7.9,1224,0
Transport-2,-85,6.1,813,0
Transport-2,-91,7.5,1009,0
Transport-2,-82,6.4,1217,0
Transport-2,-99,6.4,1141,0
Transport-2,-90,11.3,1217,0
Transport-2,-83,9.5,1151,0
Transport-2,-83,13.6,993,0
Transport-2,-88,9.8,934,0
Transport-2,-86,7.7,1091,0
Transport-2,-80,9.8,1265,0
Transport-2,-79,9.0,1088,0
Transport-2,-75,8.7,800,0
Transport-2,-89,11.4,874,0
Transport-2,-81,12.0,959,0
Transport-2,-86,9.6,981,0
Transport-2,-83,10.8,877,0
Transport-2,-94,6.3,800,0
Transport-2,-76,9.9,883,0
Transport-2,-93,13.9,990,0
Transport-2,-76,3.4,884,0
Transport-2,-77,7.6,1078,0
Transport-2,-75,5.4,981,0
Transport-2,-76,11.8,867,0
Transport-2,-94,11.0,903,0
Transport-2,-87,11.9,1360,0
Transport-2,-75,8.6,1082,0
Transport-2,-81,12.6,1330,0
Transport-2,-88,10.7,946,0
Transport-2,-92,4.5,800,0
Transport-2,-92,6.0,1017,0
Transport-2,-88,6.1,882,0
Transport-2,-88,9.4,887,0
Transport-2,-91,6.9,1068,0
Transport-2,-92,8.8,983,0
Transport-2,-81,11.0,1003,0
Transport-2,-85,11.3,800,0
Transport-2,-94,8.2,800,0
Transport-2,-77,12.4,1005,0
Transport-2,-82,3.1,1204,0
Transport-2,-82,12.6,1055,0
Transport-2,-81,8.6,868,0
Transport-2,-85,11.2,903,0
Transport-2,-83,5.7,1074,0
Transport-2,-83,4.3,812,0
Transport-2,-83,10.8,1080,0
Transport-2,-91,11.8,1045,0
Transport-2,-83,10.0,953,0
Transport-2,-89,4.8,910,0
Transport-2,-79,7.5,1130,0
Transport-2,-76,8.2,960,0
Transport-2,-84,6.5,1253,0
Transport-2,-87,8.1,1278,0
Transport-2,-89,8.6,1184,0
Transport-2,-87,7.1,801,0
Transport-2,-80,6.6,1000,0
Transport-2,-89,11.6,929,0
Transport-2,-78,8.1,896,0
Transport-2,-79,8.8,958,0
Transport-2,-79,4.8,1134,0
Transport-2,-91,7.7,1160,0
Transport-2,-88,9.8,1215,0
Transport-2,-73,5.8,951,0
Transport-2,-89,5.1,1020,0
Transport-2,-82,8.2,1085,0
Transport-2,-85,8.6,844,0
Transport-2,-78,5.5,902,0
Transport-2,-81,6.7,913,0
Transport-2,-79,8.0,1196,0
Transport-2,-85,12.0,1071,0
Transport-2,-88,10.1,1032,0
Transport-2,-91,5.4,1236,0
Transport-2,-77,11.3,1042,0
Transport-2,-91,11.6,1131,0
Transport-2,-80,9.4,941,0
Transport-2,-92,7.8,1056,0
Transport-2,-87,14.1,1117,0
Transport-2,-86,8.1,1022,0
Transport-2,-85,8.5,1115,0
Transport-2,-90,8.9,1093,0
Transport-2,-81,10.2,1137,0
Transport-2,-91,10.0,1249,0
Transport-2,-85,10.2,1100,0
Transport-2,-87,6.6,1111,0
Transport-2,-75,7.0,968,0
Transport-2,-87,12.4,1275,0
Transport-2,-84,10.7,810,0
Transport-2,-74,9.8,1053,0
Transport-2,-88,5.2,1265,0
Transport-2,-83,8.5,803,0
Transport-2,-80,8.6,1308,0
Transport-2,-86,6.9,1222,0
Transport-2,-85,10.0,828,0
Transport-2,-91,9.3,800,0
Transport-2,-74,6.5,841,0
Transport-2,-80,12.8,1132,0
Transport-2,-85,8.8,1170,0
Transport-2,-81,7.3,1367,0
Transport-2,-81,10.1,853,0
Transport-2,-91,12.8,1115,0
Transport-2,-84,9.7,1242,0
Transport-2,-94,8.5,1093,0
Transport-2,-89,7.4,1151,0
Transport-2,-80,3.7,915,0
Transport-2,-97,8.1,969,0
Transport-2,-86,9.7,800,0
Transport-2,-76,7.0,1107,0
Transport-2,-85,9.5,1024,0
Transport-2,-92,7.4,971,0
Transport-2,-95,6.9,961,0
Transport-2,-96,8.8,1287,0
Transport-2,-85,4.6,1036,0
Transport-2,-81,7.6,804,0
Transport-2,-90,7.6,914,0
Transport-2,-77,9.4,965,0
Transport-2,-90,6.0,1097,0
Transport-2,-82,5.3,882,0
Transport-2,-84,6.4,975,0
Transport-2,-103,6.8,941,0
Transport-2,-90,10.5,820,0
Transport-2,-78,9.5,1017,0
Transport-2,-82,13.0,800,0
Transport-2,-86,10.6,1228,0
Transport-2,-77,7.8,1157,0
Transport-2,-90,9.9,1148,0
Transport-2,-91,8.6,1133,0
Transport-2,-90,6.1,1781,1
Transport-2,-87,-0.1,2017,1
Transport-2,-91,2.9,1875,1
Transport-2,-79,1.7,1519,1
Transport-2,-93,1.3,2158,1
Transport-2,-82,3.2,2050,1
Transport-2,-103,2.0,1498,1
Transport-2,-102,5.6,1926,1
Transport-2,-94,3.9,2378,1
Transport-2,-89,1.2,1654,1
Transport-2,-80,6.7,1927,1
Transport-2,-101,1.5,2046,1
Transport-2,-97,0.4,1890,1
Transport-2,-76,-0.2,1722,1
Transport-2,-86,1.1,1306,1
Transport-2,-91,4.2,2027,1
Transport-2,-80,1.4,2510,1
Transport-2,-87,5.0,1498,1
Transport-2,-92,-2.0,1823,1
Transport-2,-91,-2.1,2032,1
Transport-2,-97,1.1,1599,1
Transport-2,-84,2.3,1733,1
Transport-2,-103,0.9,2414,1
Transport-2,-86,-1.4,1850,1
Transport-2,-98,6.0,1342,1
Transport-2,-92,2.9,1583,1
Transport-2,-87,3.6,2212,1
Transport-2,-82,1.7,2122,1
Transport-2,-96,5.6,2507,1
Transport-2,-82,7.3,1524,1
Transport-2,-98,3.8,2058,1
Transport-2,-82,5.4,1965,1
Transport-2,-80,4.5,1755,1
Transport-2,-98,6.4,1701,1
Transport-2,-88,-1.4,2249,1
Transport-2,-96,5.9,2157,1
Transport-2,-91,3.4,1741,1
Transport-2,-81,0.8,1816,1
Transport-2,-96,2.0,1798,1
Transport-2,-93,4.1,1950,1
Transport-2,-101,4.6,1612,1
Transport-2,-70,1.5,1278,1
Transport-2,-85,3.2,1606,1
Transport-2,-88,3.2,2009,1
Transport-2,-85,-1.9,800,1
Transport-2,-90,3.6,1083,1
Transport-2,-77,-0.7,1952,1
Transport-2,-97,-1.9,2189,1
Transport-2,-106,3.6,2057,1
Transport-2,-97,-0.6,1570,1
Transport-2,-84,4.3,1736,1
Transport-2,-80,3.9,2301,1
Transport-2,-87,1.2,2184,1
Transport-2,-87,4.5,2030,1
Transport-2,-74,4.7,1648,1
Transport-2,-101,3.0,1872,1
Transport-2,-85,7.7,1618,1
Transport-2,-99,0.6,2268,1
Transport-2,-90,1.6,1873,1
Transport-2,-95,-0.5,2063,1
Transport-2,-85,8.3,2218,1
Transport-2,-106,-0.1,1795,1
Transport-2,-80,0.2,1350,1
Transport-2,-76,2.3,1787,1
Transport-2,-83,-1.7,2103,1
Transport-2,-91,0.8,2356,1
Transport-2,-76,4.9,2147,1
Transport-2,-81,-1.3,1720,1
Transport-2,-92,6.1,1876,1
Transport-2,-106,6.4,2225,1
Transport-2,-90,2.3,2287,1
Transport-2,-88,-0.9,1815,1
Transport-2,-93,2.0,1450,1
Transport-2,-87,2.8,1822,1
Transport-2,-79,4.8,994,1
Transport-2,-97,-1.7,1721,1
Transport-2,-96,-5.5,2352,1
Transport-2,-88,4.2,2334,1
Transport-2,-94,5.0,1616,1
Transport-2,-93,-0.4,1733,1
Transport-2,-81,-0.7,2060,1
Transport-2,-69,-0.6,1575,1
Transport-2,-89,-0.2,1612,1
Transport-2,-79,0.0,2376,1
Transport-2,-86,-2.4,1791,1
Transport-2,-86,1.7,2659,1
Transport-2,-100,5.9,2307,1
Transport-2,-88,3.0,1602,1
Transport-2,-96,4.7,1077,1
Transport-2,-86,1.5,1755,1
Transport-2,-93,1.1,2689,1
Transport-2,-87,5.5,2131,1
Transport-2,-109,3.5,1559,1
Transport-2,-105,-0.5,2148,1
Transport-2,-96,3.8,1777,1
Transport-2,-94,2.5,2001,1
Transport-2,-94,1.4,1813,1
Transport-2,-83,6.0,1651,1
Transport-2,-82,3.2,1620,1
Transport-2,-97,1.0,2404,1
Transport-2,-93,2.8,2228,1
Transport-2,-73,0.3,2512,1
Transport-2,-97,3.4,1604,1
Transport-2,-91,6.2,1440,1
Transport-2,-80,5.9,2160,1
Transport-2,-93,6.7,1676,1
Transport-2,-83,5.5,2504,1
Transport-2,-91,5.9,2193,1
Transport-2,-101,2.7,2224,1
Transport-2,-89,-4.5,1819,1
Transport-2,-85,-3.7,2265,1
Transport-2,-83,-1.4,1543,1
Transport-2,-86,7.8,1785,1
Transport-2,-86,5.4,1766,1
Transport-2,-97,-1.1,1924,1
Transport-2,-85,1.4,1571,1
Transport-2,-83,3.6,1889,1
Transport-2,-85,0.8,1842,1
Transport-2,-100,7.8,1766,1
Transport-2,-91,8.2,1467,1
Transport-2,-102,0.4,1604,1
Transport-2,-96,4.2,2671,1
Transport-2,-94,4.5,2179,1
Transport-2,-76,-0.9,1567,1
Transport-2,-89,2.1,2005,1
Transport-2,-90,-0.2,1370,1
Transport-2,-102,-3.3,1715,1
Transport-2,-81,2.1,1960,1
Transport-2,-83,2.1,1861,1
Transport-2,-107,2.8,1835,1
Transport-2,-77,5.3,1877,1
Transport-2,-89,4.3,1732,1
Transport-2,-85,2.1,1332,1
Transport-2,-82,-0.2,1625,1
Transport-2,-75,-1.1,2120,1
Transport-2,-102,1.0,1833,1
Transport-2,-83,1.3,1999,1
Transport-2,-106,-0.2,1428,1
Transport-2,-89,5.2,1971,1
Transport-2,-78,4.0,2477,1
Transport-2,-92,5.0,2494,1
Transport-2,-79,2.9,2164,1
Transport-2,-87,1.6,1414,1
Transport-2,-92,5.1,1903,1
Transport-2,-107,3.7,2355,1
Transport-2,-96,5.4,1969,1
Transport-2,-83,-0.6,1787,1
Transport-2,-84,3.2,2234,1
Transport-2,-84,2.0,2306,1
Transport-2,-91,6.4,2034,1
Transport-2,-78,-2.0,1716,1
Transport-2,-97,1.5,1383,1
Transport-2,-77,2.1,1975,1
Transport-2,-91,-0.8,1950,1
Transport-2,-75,7.0,1842,1
Transport-2,-82,-1.0,1965,1
Transport-2,-87,-0.2,2235,1
Transport-2,-82,-0.5,2294,1
Transport-2,-79,0.3,2148,1
Transport-2,-79,1.4,1748,1
Transport-2,-95,0.5,2095,1
Transport-2,-103,4.6,2171,1
Transport-2,-88,-0.0,1720,1
Transport-2,-85,7.5,2009,1
Transport-2,-89,2.9,2103,1
Transport-2,-104,3.0,1951,1
Transport-2,-79,5.6,1599,1
Transport-2,-79,3.7,1936,1
Transport-2,-90,4.6,2178,1
Transport-2,-90,4.1,1920,1
Transport-2,-88,3.0,1444,1
Transport-2,-101,5.8,2517,1
Transport-2,-95,4.9,1335,1
Transport-2,-99,2.5,1997,1
Transport-2,-93,1.2,2020,1
Transport-2,-93,0.4,1571,1
Transport-2,-87,-1.4,1991,1
Transport-2,-90,0.7,1776,1
Transport-2,-85,2.6,2036,1
Transport-2,-86,1.2,2409,1
Transport-2,-103,-4.0,2588,2
Transport-2,-104,-0.1,2777,2
Transport-2,-101,-6.1,2956,2
Transport-2,-110,-8.4,2681,2
Transport-2,-103,-6.4,2249,2
Transport-2,-96,-2.2,2961,2
Transport-2,-101,-5.3,2480,2
Transport-2,-106,-6.1,2706,2
Transport-2,-104,-1.8,2380,2
Transport-2,-112,0.8,2796,2
Transport-2,-104,-7.9,2521,2
Transport-2,-102,-9.0,2836,2
Transport-2,-104,-1.1,2592,2
Transport-2,-110,-4.4,2518,2
Transport-2,-97,0.0,2606,2
Transport-2,-107,-6.0,3000,2
Transport-2,-110,-2.0,2682,2
Transport-2,-101,-2.5,2659,2
Transport-2,-98,-3.8,2829,2
Transport-2,-112,-3.6,2770,2
Transport-2,-101,-9.2,2559,2
Transport-2,-102,-3.3,2957,2
Transport-2,-104,3.0,2784,2
Transport-2,-109,-4.2,2733,2
Transport-2,-107,-7.5,2636,2
Transport-2,-104,-5.3,2672,2
Transport-2,-108,-5.9,2452,2
Transport-2,-102,-2.2,2116,2
Transport-2,-109,-3.6,2439,2
Transport-2,-107,-9.2,2879,2
Transport-2,-108,-10.2,2491,2
Transport-2,-110,-1.2,2167,2
Transport-2,-107,-4.4,2286,2
Transport-2,-98,-8.4,2975,2
Transport-2,-104,-4.6,2849,2
Transport-2,-111,5.3,2671,2
Transport-2,-105,-13.4,2489,2
Transport-2,-110,-0.2,2968,2
Transport-2,-96,-5.5,2638,2
Transport-2,-106,-3.6,2971,2
Transport-2,-99,-6.0,2638,2
Transport-2,-108,-0.5,2870,2
Transport-2,-99,-3.5,2407,2
Transport-2,-101,-2.2,2821,2
Transport-2,-100,1.0,2345,2
Transport-2,-108,-5.5,2617,2
Transport-2,-108,-2.0,2613,2
Transport-2,-102,-5.9,2641,2
Transport-2,-98,-6.9,2302,2
Transport-2,-109,-6.3,2890,2
Transport-2,-103,-8.2,2696,2
Transport-2,-101,-1.2,3000,2
Transport-2,-104,-3.3,2500,2
Transport-2,-105,0.9,2477,2
Transport-2,-114,-3.5,2567,2
Transport-2,-99,-0.3,2765,2
Transport-2,-94,-0.0,2648,2
Transport-2,-109,-5.6,2035,2
Transport-2,-96,-10.6,2539,2
Transport-2,-94,0.9,2998,2
Transport-2,-106,-2.6,2787,2
Transport-2,-106,-0.2,2579,2
Transport-2,-100,-1.2,2541,2
Transport-2,-106,-6.8,2571,2
Transport-2,-101,0.2,2652,2
Transport-2,-98,-3.3,2158,2
Transport-2,-107,-7.0,2753,2
Transport-2,-106,-4.1,2597,2
Transport-2,-99,-6.8,2825,2
Transport-2,-106,-0.4,2951,2
Transport-2,-111,-6.8,2555,2
Transport-2,-104,-6.2,2584,2
Transport-2,-96,-0.1,2365,2
Transport-2,-99,-13.2,2455,2
Transport-2,-111,-6.0,3000,2
Transport-2,-103,-9.2,2458,2
Transport-2,-109,2.8,2887,2
Transport-2,-97,-4.8,2917,2
Transport-2,-102,-2.3,2348,2
Transport-2,-104,1.5,2708,2
Transport-2,-107,-8.0,2505,2
Transport-2,-102,-4.2,2854,2
Transport-2,-104,-8.5,2741,2
Transport-2,-101,-9.4,3000,2
Transport-2,-103,-3.1,2698,2
Transport-2,-111,-7.0,2733,2
Transport-2,-105,-7.0,2874,2
Transport-2,-107,5.6,2803,2
Transport-2,-108,-3.4,2834,2
Transport-2,-110,-0.1,2510,2
Transport-2,-107,-2.6,2447,2
Transport-2,-106,-8.1,2204,2
Transport-2,-98,-4.3,2550,2
Transport-2,-107,-4.8,2689,2
Transport-2,-104,-6.6,2424,2
Transport-2,-111,-1.8,2861,2
Transport-2,-95,2.3,2737,2
Transport-2,-102,-5.7,2764,2
Transport-2,-107,-9.2,2745,2
Transport-2,-103,0.5,2275,2
Transport-2,-116,0.3,2798,2
Transport-2,-96,-8.4,2643,2
Transport-2,-107,-1.2,2712,2
Transport-2,-108,0.3,2647,2
Transport-2,-106,-4.6,2820,2
Transport-2,-116,-2.9,2843,2
Transport-2,-102,-0.7,2758,2
Transport-2,-100,-4.7,2729,2
Transport-2,-110,-11.3,2657,2
Transport-2,-105,-0.2,2653,2
Transport-2,-109,-10.2,2845,2
Transport-2,-106,-3.9,2024,2
Transport-2,-105,-1.6,2767,2
Transport-2,-102,-0.7,2892,2
Transport-2,-115,-5.4,2828,2
Transport-2,-103,-2.9,2222,2
Transport-2,-105,-7.0,2998,2
Transport-2,-103,-10.5,2723,2
Transport-2,-106,-9.2,2652,2
Transport-2,-105,-3.0,2615,2
Transport-3,-70,6.8,1318,0
Transport-3,-75,8.1,862,0
Transport-3,-74,8.7,1037,0
Transport-3,-68,9.1,907,0
Transport-3,-73,4.9,945,0
Transport-3,-78,10.1,851,0
Transport-3,-84,7.8,1163,0
Transport-3,-72,11.2,1131,0
Transport-3,-64,8.7,1154,0
Transport-3,-75,7.5,1134,0
Transport-3,-70,8.7,1048,0
Transport-3,-74,7.4,1018,0
Transport-3,-82,9.9,1030,0
Transport-3,-81,6.6,887,0
Transport-3,-72,11.2,1004,0
Transport-3,-78,7.6,1283,0
Transport-3,-77,12.8,887,0
Transport-3,-69,6.2,982,0
Transport-3,-72,10.0,907,0
Transport-3,-74,13.4,995,0
Transport-3,-70,6.8,865,0
Transport-3,-78,10.0,1295,0
Transport-3,-79,8.1,944,0
Transport-3,-76,6.6,1075,0
Transport-3,-72,9.5,1175,0
Transport-3,-81,9.8,1295,0
Transport-3,-71,10.6,815,0
Transport-3,-75,9.7,1147,0
Transport-3,-65,10.7,1025,0
Transport-3,-79,2.5,1202,0
Transport-3,-84,8.2,935,0
Transport-3,-63,7.2,965,0
Transport-3,-67,8.2,805,0
Transport-3,-77,5.9,905,0
Transport-3,-81,11.0,1004,0
Transport-3,-77,12.3,1054,0
Transport-3,-75,10.2,983,0
Transport-3,-78,8.4,800,0
Transport-3,-70,10.8,885,0
Transport-3,-77,8.5,1057,0
Transport-3,-78,4.7,1238,0
Transport-3,-73,11.8,1201,0
Transport-3,-72,8.4,935,0
Transport-3,-73,5.4,821,0
Transport-3,-75,11.2,819,0
Transport-3,-63,5.6,1142,0
Transport-3,-72,5.9,969,0
Transport-3,-69,9.2,1132,0
Transport-3,-68,7.2,1106,0
Transport-3,-73,9.6,829,0
Transport-3,-83,5.4,1100,0
Transport-3,-75,8.5,945,0
Transport-3,-67,12.7,911,0
Transport-3,-79,2.5,921,0
Transport-3,-70,8.2,815,0
Transport-3,-73,8.6,1293,0
Transport-3,-70,10.5,971,0
Transport-3,-77,7.4,804,0
Transport-3,-72,9.3,1098,0
Transport-3,-75,6.7,914,0
Transport-3,-71,7.9,999,0
Transport-3,-70,11.6,1441,0
Transport-3,-81,8.8,805,0
Transport-3,-69,5.5,1049,0
Transport-3,-75,5.8,1070,0
Transport-3,-75,2.0,1048,0
Transport-3,-67,7.8,1375,0
Transport-3,-79,6.9,1086,0
Transport-3,-74,5.2,1346,0
Transport-3,-81,9.7,1216,0
Transport-3,-83,6.2,1358,0
Transport-3,-67,10.4,800,0
Transport-3,-85,10.8,921,0
Transport-3,-71,7.2,1085,0
Transport-3,-79,4.6,983,0
Transport-3,-77,11.1,1069,0
Transport-3,-70,4.1,928,0
Transport-3,-81,12.6,832,0
Transport-3,-74,8.7,800,0
Transport-3,-65,7.6,1027,0
Transport-3,-79,8.5,1217,0
Transport-3,-67,13.2,1050,0
Transport-3,-79,9.1,962,0
Transport-3,-72,11.6,898,0
Transport-3,-67,6.3,800,0
Transport-3,-70,10.3,1094,0
Transport-3,-70,9.6,820,0
Transport-3,-72,6.6,817,0
Transport-3,-83,11.5,1207,0
Transport-3,-72,7.8,1137,0
Transport-3,-78,11.4,800,0
Transport-3,-70,15.0,1017,0
Transport-3,-78,9.1,1492,0
Transport-3,-78,6.9,1219,0
Transport-3,-75,10.5,1225,0
Transport-3,-67,9.8,1208,0
Transport-3,-76,3.8,986,0
Transport-3,-69,7.6,868,0
Transport-3,-70,12.2,999,0
Transport-3,-82,8.2,1034,0
Transport-3,-71,8.9,982,0
Transport-3,-65,11.1,1154,0
Transport-3,-74,13.2,906,0
Transport-3,-76,8.8,1176,0
Transport-3,-78,6.9,961,0
Transport-3,-66,10.4,1081,0
Transport-3,-74,6.3,1183,0
Transport-3,-66,8.0,916,0
Transport-3,-83,8.6,1103,0
Transport-3,-80,11.0,1085,0
Transport-3,-75,12.9,1121,0
Transport-3,-64,8.8,834,0
Transport-3,-83,6.3,1015,0
Transport-3,-74,9.9,898,0
Transport-3,-67,10.6,969,0
Transport-3,-78,9.3,890,0
Transport-3,-61,8.5,1021,0
Transport-3,-73,14.8,1201,0
Transport-3,-83,7.0,800,0
Transport-3,-73,7.8,1096,0
Transport-3,-76,7.8,1015,0
Transport-3,-78,10.7,936,0
Transport-3,-69,11.4,884,0
Transport-3,-68,8.0,1017,0
Transport-3,-72,6.8,893,0
Transport-3,-77,7.6,1140,0
Transport-3,-72,6.2,1255,0
Transport-3,-71,4.1,800,0
Transport-3,-64,10.2,800,0
Transport-3,-73,8.2,1017,0
Transport-3,-77,9.2,1031,0
Transport-3,-85,9.9,1333,0
Transport-3,-76,5.7,814,0
Transport-3,-83,4.3,1198,0
Transport-3,-74,11.3,1073,0
Transport-3,-81,9.1,894,0
Transport-3,-75,10.5,806,0
Transport-3,-79,5.6,820,0
Transport-3,-71,11.8,1074,0
Transport-3,-74,11.5,890,0
Transport-3,-75,10.5,936,0
Transport-3,-76,4.7,936,0
Transport-3,-69,8.5,800,0
Transport-3,-72,9.0,810,0
Transport-3,-72,6.9,985,0
Transport-3,-66,8.8,1095,0
Transport-3,-68,5.7,915,0
Transport-3,-72,13.0,1141,0
Transport-3,-73,7.4,809,0
Transport-3,-79,5.5,1000,0
Transport-3,-65,5.9,1218,0
Transport-3,-85,7.8,991,0
Transport-3,-80,8.3,1283,0
Transport-3,-77,11.8,1212,0
Transport-3,-76,5.8,975,0
Transport-3,-75,10.2,1051,0
Transport-3,-71,8.3,901,0
Transport-3,-74,4.4,857,0
Transport-3,-76,8.9,993,0
Transport-3,-73,7.1,1062,0
Transport-3,-78,5.1,1176,0
Transport-3,-68,6.1,1141,0
Transport-3,-84,10.2,1114,0
Transport-3,-78,6.7,867,0
Transport-3,-71,6.4,1168,0
Transport-3,-73,10.4,1134,0
Transport-3,-71,9.9,1199,0
Transport-3,-70,7.5,1190,0
Transport-3,-67,4.1,1069,0
Transport-3,-81,14.1,800,0
Transport-3,-74,11.2,1288,0
Transport-3,-60,10.0,959,0
Transport-3,-76,4.7,1471,0
Transport-3,-75,9.4,928,0
Transport-3,-85,5.6,800,0
Transport-3,-75,7.2,1343,0
Transport-3,-82,7.3,1456,0
Transport-3,-75,9.4,1095,0
Transport-3,-80,8.8,1154,0
Transport-3,-70,7.6,807,0
Transport-3,-70,9.4,914,0
Transport-3,-78,13.7,974,0
Transport-3,-79,8.5,877,0
Transport-3,-84,12.6,913,0
Transport-3,-74,9.0,982,0
Transport-3,-72,9.5,1248,0
Transport-3,-76,8.3,1220,0
Transport-3,-72,7.7,881,0
Transport-3,-72,4.7,1063,0
Transport-3,-77,10.0,800,0
Transport-3,-68,10.8,1093,0
Transport-3,-71,8.0,1288,0
Transport-3,-77,8.8,1263,0
Transport-3,-73,9.9,1045,0
Transport-3,-68,12.0,800,0
Transport-3,-70,8.2,966,0
Transport-3,-79,6.4,1286,0
Transport-3,-78,7.9,1016,0
Transport-3,-73,6.1,892,0
Transport-3,-74,10.7,861,0
Transport-3,-67,6.4,1035,0
Transport-3,-77,9.2,1086,0
Transport-3,-72,9.9,982,0
Transport-3,-65,7.5,868,0
Transport-3,-78,8.5,943,0
Transport-3,-72,8.1,1208,0
Transport-3,-62,8.9,1075,0
Transport-3,-79,9.2,1031,0
Transport-3,-76,7.3,911,0
Transport-3,-74,6.9,800,0
Transport-3,-69,12.9,1200,0
Transport-3,-81,8.0,863,0
Transport-3,-75,8.6,1378,0
Transport-3,-82,9.8,829,0
Transport-3,-69,2.9,986,0
Transport-3,-66,9.4,1170,0
Transport-3,-80,7.5,1080,0
Transport-3,-69,7.3,1035,0
Transport-3,-72,4.9,881,0
Transport-3,-80,12.6,934,0
Transport-3,-82,6.9,1217,0
Transport-3,-64,6.6,1169,0
Transport-3,-77,11.1,857,0
Transport-3,-76,8.6,896,0
Transport-3,-74,10.7,981,0
Transport-3,-71,6.7,1034,0
Transport-3,-70,5.7,800,0
Transport-3,-68,9.8,1112,0
Transport-3,-76,3.8,1260,0
Transport-3,-77,11.2,1130,0
Transport-3,-70,8.3,1141,0
Transport-3,-76,13.1,1071,0
Transport-3,-75,7.7,1254,0
Transport-3,-74,12.4,800,0
Transport-3,-85,11.0,1008,0
Transport-3,-71,9.8,1068,0
Transport-3,-73,7.6,957,0
Transport-3,-72,12.1,1334,0
Transport-3,-81,11.0,878,0
Transport-3,-77,10.0,1013,0
Transport-3,-81,8.8,1010,0
Transport-3,-74,8.9,859,0
Transport-3,-74,6.8,997,0
Transport-3,-69,8.2,925,0
Transport-3,-68,6.8,1445,0
Transport-3,-81,7.3,975,0
Transport-3,-79,9.4,1148,0
Transport-3,-78,7.1,1019,0
Transport-3,-73,9.7,1210,0
Transport-3,-71,11.3,1161,0
Transport-3,-70,9.2,1245,0
Transport-3,-74,9.9,800,0
Transport-3,-77,10.2,1107,0
Transport-3,-78,4.1,1070,0
Transport-3,-70,5.8,1258,0
Transport-3,-84,9.0,978,0
Transport-3,-67,14.1,958,0
Transport-3,-76,10.1,902,0
Transport-3,-80,4.8,877,0
Transport-3,-78,5.4,1081,0
Transport-3,-64,7.6,1170,0
Transport-3,-75,11.8,1139,0
Transport-3,-67,8.6,961,0
Transport-3,-72,8.5,1084,0
Transport-3,-72,9.2,1337,0
Transport-3,-70,9.9,1003,0
Transport-3,-66,11.7,1066,0
Transport-3,-74,6.4,1104,0
Transport-3,-71,12.3,917,0
Transport-3,-75,5.9,1135,0
Transport-3,-79,8.8,1085,0
Transport-3,-80,10.8,1251,0
Transport-3,-67,8.5,1034,0
Transport-3,-79,9.7,830,0
Transport-3,-87,8.0,956,0
Transport-3,-78,9.8,1182,0
Transport-3,-77,12.1,833,0
Transport-3,-69,4.7,950,0
Transport-3,-68,8.6,1082,0
Transport-3,-75,12.4,922,0
Transport-3,-65,10.0,1117,0
Transport-3,-76,9.1,800,0
Transport-3,-79,7.5,895,0
Transport-3,-83,7.8,818,0
Transport-3,-81,7.6,800,0
Transport-3,-82,8.6,1365,0
Transport-3,-78,6.5,814,0
Transport-3,-85,6.9,929,0
Transport-3,-69,10.9,939,0
Transport-3,-74,5.6,1245,0
Transport-3,-76,6.8,1178,0
Transport-3,-72,9.5,930,0
Transport-3,-67,11.0,919,0
Transport-3,-71,13.9,1085,0
Transport-3,-71,11.4,800,0
Transport-3,-78,9.6,964,0
Transport-3,-69,10.9,1200,0
Transport-3,-75,12.5,1002,0
Transport-3,-72,9.1,1051,0
Transport-3,-79,6.0,1047,0
Transport-3,-88,-2.3,1730,1
Transport-3,-84,4.2,2122,1
Transport-3,-83,2.6,1391,1
Transport-3,-88,0.5,2309,1
Transport-3,-88,3.4,1794,1
Transport-3,-72,1.8,1856,1
Transport-3,-79,-0.6,2083,1
Transport-3,-86,2.8,2113,1
Transport-3,-93,3.9,1469,1
Transport-3,-79,6.2,1749,1
Transport-3,-104,5.8,2006,1
Transport-3,-75,2.5,2531,1
Transport-3,-89,0.9,1974,1
Transport-3,-80,2.0,1934,1
Transport-3,-87,6.5,2270,1
Transport-3,-86,-0.5,1713,1
Transport-3,-94,2.0,1991,1
Transport-3,-77,0.2,1852,1
Transport-3,-73,3.5,2045,1
Transport-3,-78,1.2,1658,1
Transport-3,-89,6.8,1677,1
Transport-3,-89,-3.4,1935,1
Transport-3,-79,4.8,2414,1
Transport-3,-86,8.6,1808,1
Transport-3,-79,1.7,2130,1
Transport-3,-83,6.9,1983,1
Transport-3,-86,1.4,1636,1
Transport-3,-81,3.6,1720,1
Transport-3,-87,3.0,2382,1
Transport-3,-95,1.9,1762,1
Transport-3,-84,0.2,1253,1
Transport-3,-75,-1.4,1558,1
Transport-3,-72,-0.4,1885,1
Transport-3,-94,5.7,2185,1
Transport-3,-55,5.0,2158,1
Transport-3,-91,-1.6,1999,1
Transport-3,-78,5.0,1672,1
Transport-3,-106,2.1,1037,1
Transport-3,-84,-1.0,2602,1
Transport-3,-75,1.2,2096,1
Transport-3,-92,3.4,1760,1
Transport-3,-76,2.4,1495,1
Transport-3,-79,4.1,1535,1
Transport-3,-88,4.3,2094,1
Transport-3,-84,-0.9,1525,1
Transport-3,-85,1.4,1975,1
Transport-3,-84,4.4,971,1
Transport-3,-77,7.4,1569,1
Transport-3,-77,6.4,1952,1
Transport-3,-96,6.5,1783,1
Transport-3,-78,1.1,1199,1
Transport-3,-84,4.1,1851,1
Transport-3,-94,-0.5,1805,1
Transport-3,-87,4.1,1487,1
Transport-3,-90,0.9,2179,1
Transport-3,-99,3.1,2128,1
Transport-3,-100,3.2,1800,1
Transport-3,-77,-0.8,2391,1
Transport-3,-76,4.2,1938,1
Transport-3,-83,8.6,2141,1
Transport-3,-89,4.3,1909,1
Transport-3,-83,2.8,2079,1
Transport-3,-74,5.1,1606,1
Transport-3,-91,1.8,1553,1
Transport-3,-90,-1.8,1309,1
Transport-3,-86,0.1,2040,1
Transport-3,-81,1.5,2363,1
Transport-3,-93,7.0,2027,1
Transport-3,-74,4.0,1720,1
Transport-3,-89,0.8,2550,1
Transport-3,-82,2.3,1658,1
Transport-3,-77,6.7,2272,1
Transport-3,-80,-1.0,1873,1
Transport-3,-86,-4.4,1481,1
Transport-3,-93,2.3,2399,1
Transport-3,-89,5.1,1693,1
Transport-3,-74,1.5,1590,1
Transport-3,-86,2.0,1774,1
Transport-3,-68,2.0,2187,1
Transport-3,-96,5.3,1299,1
Transport-3,-79,2.9,2352,1
Transport-3,-73,-2.1,2187,1
Transport-3,-89,0.2,1585,1
Transport-3,-91,5.5,1521,1
Transport-3,-81,2.4,1829,1
Transport-3,-88,6.0,1940,1
Transport-3,-94,2.6,2141,1
Transport-3,-75,5.1,2230,1
Transport-3,-96,1.6,1509,1
Transport-3,-92,-0.8,2370,1
Transport-3,-98,7.2,1618,1
Transport-3,-79,-1.1,1671,1
Transport-3,-83,3.7,2007,1
Transport-3,-83,5.2,1516,1
Transport-3,-76,-3.5,1666,1
Transport-3,-82,0.9,2588,1
Transport-3,-94,-2.6,1554,1
Transport-3,-91,1.5,1808,1
Transport-3,-84,5.1,2241,1
Transport-3,-89,4.9,2300,1
Transport-3,-86,5.3,1763,1
Transport-3,-100,2.5,1231,1
Transport-3,-82,5.2,1830,1
Transport-3,-85,2.6,1925,1
Transport-3,-101,-1.0,2025,1
Transport-3,-91,3.2,2045,1
Transport-3,-72,7.0,1456,1
Transport-3,-88,-4.4,1892,1
Transport-3,-83,0.8,1823,1
Transport-3,-95,9.6,1979,1
Transport-3,-87,-1.5,2177,1
Transport-3,-90,0.4,1864,1
Transport-3,-85,0.7,1429,1
Transport-3,-88,3.5,1960,1
Transport-3,-94,8.9,1561,1
Transport-3,-96,4.0,1616,1
Transport-3,-75,1.6,2335,1
Transport-3,-76,8.0,1918,1
Transport-3,-84,0.6,2281,1
Transport-3,-88,2.2,1939,1
Transport-3,-81,4.2,2614,1
Transport-3,-108,7.7,2065,1
Transport-3,-71,3.0,1587,1
Transport-3,-95,-1.6,1782,1
Transport-3,-80,-2.7,2258,1
Transport-3,-81,-2.3,2029,1
Transport-3,-67,2.6,1726,1
Transport-3,-87,6.0,2068,1
Transport-3,-78,0.8,1959,1
Transport-3,-85,4.2,1582,1
Transport-3,-79,6.5,1394,1
Transport-3,-77,2.2,1784,1
Transport-3,-75,1.1,1375,1
Transport-3,-88,4.8,1228,1
Transport-3,-82,9.2,1898,1
Transport-3,-69,3.6,1886,1
Transport-3,-94,6.1,2444,1
Transport-3,-90,2.8,1628,1
Transport-3,-94,-2.6,1940,1
Transport-3,-99,-0.2,1782,1
Transport-3,-85,2.4,1155,1
Transport-3,-79,4.1,1826,1
Transport-3,-100,5.1,1447,1
Transport-3,-100,5.1,1977,1
Transport-3,-89,2.2,2532,1
Transport-3,-67,-0.9,1954,1
Transport-3,-84,-3.2,1950,1
Transport-3,-103,1.7,2175,1
Transport-3,-92,-0.7,2052,1
Transport-3,-87,-1.4,1987,1
Transport-3,-92,-0.1,1273,1
Transport-3,-91,-1.2,1643,1
Transport-3,-84,4.8,1918,1
Transport-3,-79,2.9,2086,1
Transport-3,-97,0.7,1920,1
Transport-3,-84,0.1,1782,1
Transport-3,-79,3.5,1019,1
Transport-3,-79,1.1,1433,1
Transport-3,-82,3.2,2266,1
Transport-3,-79,3.9,2207,1
Transport-3,-78,0.4,2284,1
Transport-3,-92,-3.8,1662,1
Transport-3,-82,5.4,2056,1
Transport-3,-90,3.8,2231,1
Transport-3,-81,4.1,1922,1
Transport-3,-78,0.2,1745,1
Transport-3,-99,7.0,1999,1
Transport-3,-89,1.7,2360,1
Transport-3,-96,4.8,2154,1
Transport-3,-91,2.2,2009,1
Transport-3,-85,-3.9,1765,1
Transport-3,-84,2.9,1630,1
Transport-3,-73,0.0,2266,1
Transport-3,-84,1.2,2096,1
Transport-3,-79,2.4,1499,1
Transport-3,-85,1.9,1496,1
Transport-3,-75,-0.3,1708,1
Transport-3,-74,2.5,2048,1
Transport-3,-94,5.3,1916,1
Transport-3,-83,6.9,1837,1
Transport-3,-99,-5.7,2758,2
Transport-3,-103,-1.9,2743,2
Transport-3,-100,-9.6,2479,2
Transport-3,-104,-7.6,2820,2
Transport-3,-99,-4.5,2367,2
Transport-3,-95,-1.8,2605,2
Transport-3,-102,-4.0,2535,2
Transport-3,-98,-0.3,2852,2
Transport-3,-91,-6.0,2788,2
Transport-3,-100,-0.3,2284,2
Transport-3,-108,-6.4,2622,2
Transport-3,-101,-3.8,2918,2
Transport-3,-109,-6.0,2942,2
Transport-3,-107,-3.8,2447,2
Transport-3,-109,-4.1,2782,2
Transport-3,-103,-5.4,2700,2
Transport-3,-96,-8.6,2955,2
Transport-3,-104,0.9,2708,2
Transport-3,-105,0.3,2978,2
Transport-3,-98,-9.6,2782,2
Transport-3,-99,-6.2,2493,2
Transport-3,-101,-8.8,2688,2
Transport-3,-93,-1.5,2486,2
Transport-3,-99,-3.1,2785,2
Transport-3,-105,-8.5,2969,2
Transport-3,-94,-0.4,2883,2
Transport-3,-97,-5.0,2653,2
Transport-3,-106,1.0,2148,2
Transport-3,-106,-0.1,2633,2
Transport-3,-100,-2.5,2602,2
Transport-3,-104,-2.4,2873,2
Transport-3,-103,-7.8,2524,2
Transport-3,-102,4.7,2264,2
Transport-3,-100,-6.6,2854,2
Transport-3,-95,-5.2,2211,2
Transport-3,-101,-4.3,2191,2
Transport-3,-108,-7.8,2742,2
Transport-3,-101,-7.2,2403,2
Transport-3,-102,0.0,3000,2
Transport-3,-104,-4.0,2884,2
Transport-3,-106,-3.7,2943,2
Transport-3,-98,0.1,2577,2
Transport-3,-101,-11.2,2832,2
Transport-3,-95,-3.7,2716,2
Transport-3,-103,-0.4,2574,2
Transport-3,-97,-7.1,2606,2
Transport-3,-103,-5.7,2536,2
Transport-3,-90,-9.8,2632,2
Transport-3,-95,-11.1,2484,2
Transport-3,-101,-7.0,2648,2
Transport-3,-93,-5.1,2502,2
Transport-3,-105,-10.5,2590,2
Transport-3,-104,-2.9,2497,2
Transport-3,-96,-3.7,2475,2
Transport-3,-97,-3.4,2860,2
Transport-3,-104,-8.0,2680,2
Transport-3,-95,-0.0,2488,2
Transport-3,-106,0.1,2342,2
Transport-3,-95,-7.1,2316,2
Transport-3,-100,-1.3,3000,2
Transport-3,-104,-9.6,2823,2
Transport-3,-97,-1.0,2720,2
Transport-3,-94,-7.4,2763,2
Transport-3,-99,-0.9,2775,2
Transport-3,-91,1.1,2725,2
Transport-3,-104,1.9,2824,2
Transport-3,-105,-5.8,2378,2
Transport-3,-112,-7.0,2639,2
Transport-3,-101,2.7,2620,2
Transport-3,-102,-5.6,2907,2
Transport-3,-103,-12.1,2432,2
Transport-3,-102,-3.4,2669,2
Transport-3,-100,-3.0,2248,2
Transport-3,-101,-7.7,2766,2
Transport-3,-96,-5.5,2353,2
Transport-3,-105,-4.6,2525,2
Transport-3,-106,-1.8,2739,2
Transport-3,-110,-0.4,2253,2
Transport-3,-100,1.0,2706,2
Transport-3,-109,-2.4,2922,2
Transport-3,-93,-1.5,2798,2
Transport-3,-106,-3.1,2588,2
Transport-3,-102,-2.4,2100,2
Transport-3,-106,-6.7,2824,2
Transport-3,-110,-5.9,2347,2
Transport-3,-103,-4.4,2762,2
Transport-3,-108,-11.2,2739,2
Transport-3,-100,4.4,2473,2
Transport-3,-110,-1.8,2575,2
Transport-3,-100,-4.2,2772,2
Transport-3,-102,1.5,2323,2
Transport-3,-96,-5.4,2770,2
Transport-3,-97,-12.7,2303,2
Transport-3,-101,-1.8,2865,2
Transport-3,-100,-6.3,2924,2
Transport-3,-96,-3.5,2630,2
Transport-3,-95,0.0,2309,2
Transport-3,-102,-6.9,2873,2
Transport-3,-100,-1.1,2687,2
Transport-3,-100,-5.3,2993,2
Transport-3,-95,-10.6,2991,2
Transport-3,-100,-5.6,2629,2
Transport-3,-101,1.4,2492,2
Transport-3,-98,-8.5,2271,2
Transport-3,-94,-3.0,2302,2
Transport-3,-105,-3.6,2728,2
Transport-3,-102,-1.8,2457,2
Transport-3,-105,-3.3,2380,2
Transport-3,-93,-8.0,2938,2
Transport-3,-97,-3.4,2655,2
Transport-3,-105,-1.0,2848,2
Transport-3,-96,-1.6,2973,2
Transport-3,-96,1.4,2739,2
Transport-3,-106,-7.6,2564,2
Transport-3,-101,0.7,2840,2
Transport-3,-105,-6.0,2942,2
Transport-3,-99,-8.1,2689,2
Transport-3,-108,-11.1,2553,2
Transport-3,-112,-4.9,2712,2
Transport-3,-104,-6.7,2674,2
Transport-4,-86,8.0,878,0
Transport-4,-78,6.8,1118,0
Transport-4,-80,11.2,943,0
Transport-4,-81,6.4,937,0
Transport-4,-74,9.2,955,0
Transport-4,-77,9.8,1151,0
Transport-4,-82,7.0,1084,0
Transport-4,-89,7.9,1054,0
Transport-4,-78,6.8,800,0
Transport-4,-78,4.2,1065,0
Transport-4,-83,10.6,1148,0
Transport-4,-69,7.5,1043,0
Transport-4,-79,9.1,923,0
Transport-4,-77,8.4,1181,0
Transport-4,-73,8.1,1317,0
Transport-4,-83,8.8,1201,0
Transport-4,-75,11.2,1059,0
Transport-4,-89,11.2,805,0
Transport-4,-72,6.0,815,0
Transport-4,-84,5.6,1200,0
Transport-4,-76,8.5,866,0
Transport-4,-81,10.8,1591,0
Transport-4,-89,4.1,822,0
Transport-4,-73,12.2,870,0
Transport-4,-79,11.0,1230,0
Transport-4,-82,8.7,867,0
Transport-4,-77,10.6,813,0
Transport-4,-89,10.1,974,0
Transport-4,-81,3.6,911,0
Transport-4,-77,8.4,990,0
Transport-4,-74,5.8,1035,0
Transport-4,-71,9.6,1190,0
Transport-4,-78,9.9,1049,0
Transport-4,-87,5.8,1034,0
Transport-4,-85,8.8,1027,0
Transport-4,-80,11.6,886,0
Transport-4,-82,9.3,922,0
Transport-4,-80,7.6,1284,0
Transport-4,-86,8.5,1190,0
Transport-4,-66,10.6,1088,0
Transport-4,-82,6.2,807,0
Transport-4,-74,7.4,910,0
Transport-4,-77,4.8,864,0
Transport-4,-71,6.3,1105,0
Transport-4,-80,5.3,1219,0
Transport-4,-80,8.7,1030,0
Transport-4,-78,11.2,1056,0
Transport-4,-79,7.1,875,0
Transport-4,-90,11.2,1186,0
Transport-4,-86,9.1,1327,0
Transport-4,-83,5.2,1103,0
Transport-4,-70,7.8,949,0
Transport-4,-85,9.8,804,0
Transport-4,-80,9.8,882,0
Transport-4,-83,10.5,1374,0
Transport-4,-86,10.1,922,0
Transport-4,-86,6.0,856,0
Transport-4,-74,12.2,1182,0
Transport-4,-84,7.7,1141,0
Transport-4,-92,9.6,963,0
Transport-4,-72,7.9,1117,0
Transport-4,-99,10.6,800,0
Transport-4,-66,8.7,907,0
Transport-4,-81,11.9,1127,0
Transport-4,-78,9.0,803,0
Transport-4,-76,6.4,931,0
Transport-4,-84,11.8,1222,0
Transport-4,-79,7.8,989,0
Transport-4,-75,9.0,1065,0
Transport-4,-83,12.7,978,0
Transport-4,-93,5.5,1023,0
Transport-4,-83,8.0,916,0
Transport-4,-70,12.6,1063,0
Transport-4,-74,10.5,950,0
Transport-4,-77,8.7,1321,0
Transport-4,-76,2.1,1195,0
Transport-4,-74,9.3,800,0
Transport-4,-81,4.3,986,0
Transport-4,-83,8.9,805,0
Transport-4,-74,5.6,1354,0
Transport-4,-79,9.4,1206,0
Transport-4,-78,12.6,1371,0
Transport-4,-80,10.6,1125,0
Transport-4,-76,7.6,1071,0
Transport-4,-85,10.3,1074,0
Transport-4,-76,3.7,876,0
Transport-4,-80,8.2,1140,0
Transport-4,-90,5.0,1289,0
Transport-4,-77,6.8,1191,0
Transport-4,-70,9.9,1110,0
Transport-4,-84,4.7,901,0
Transport-4,-73,7.0,1040,0
Transport-4,-77,10.6,948,0
Transport-4,-76,10.4,1030,0
Transport-4,-80,10.4,1002,0
Transport-4,-67,10.6,812,0
Transport-4,-83,8.8,944,0
Transport-4,-82,7.7,941,0
Transport-4,-77,8.4,912,0
Transport-4,-90,7.4,1127,0
Transport-4,-79,7.1,978,0
Transport-4,-75,9.6,903,0
Transport-4,-85,7.0,974,0
Transport-4,-84,6.3,1119,0
Transport-4,-68,11.9,1021,0
Transport-4,-76,8.2,1121,0
Transport-4,-91,11.4,957,0
Transport-4,-77,9.9,967,0
Transport-4,-72,7.6,848,0
Transport-4,-80,6.5,1010,0
Transport-4,-87,9.4,1057,0
Transport-4,-76,14.1,929,0
Transport-4,-76,7.6,1011,0
Transport-4,-81,9.6,1179,0
Transport-4,-86,2.8,988,0
Transport-4,-82,8.0,1206,0
Transport-4,-79,7.9,1408,0
Transport-4,-81,12.4,800,0
Transport-4,-82,7.2,804,0
Transport-4,-86,11.6,900,0
Transport-4,-76,12.3,804,0
Transport-4,-88,4.3,945,0
Transport-4,-78,11.0,1118,0
Transport-4,-68,6.6,1165,0
Transport-4,-79,5.9,800,0
Transport-4,-71,5.5,1033,0
Transport-4,-89,6.8,866,0
Transport-4,-79,7.5,1038,0
Transport-4,-71,11.0,901,0
Transport-4,-81,6.6,1096,0
Transport-4,-72,10.5,1131,0
Transport-4,-85,3.2,1262,0
Transport-4,-84,10.6,1240,0
Transport-4,-75,10.2,1124,0
Transport-4,-81,9.9,1264,0
Transport-4,-75,5.0,1140,0
Transport-4,-89,9.6,896,0
Transport-4,-75,8.6,803,0
Transport-4,-82,12.4,1400,0
Transport-4,-70,8.5,1036,0
Transport-4,-82,9.0,991,0
Transport-4,-88,7.4,1236,0
Transport-4,-81,12.3,989,0
Transport-4,-80,3.0,1058,0
Transport-4,-79,10.8,806,0
Transport-4,-74,11.3,1540,0
Transport-4,-83,5.9,1148,0
Transport-4,-72,7.8,940,0
Transport-4,-94,10.8,1269,0
Transport-4,-91,10.8,1127,0
Transport-4,-83,12.7,1175,0
Transport-4,-85,7.9,1116,0
Transport-4,-82,5.7,986,0
Transport-4,-85,9.3,898,0
Transport-4,-80,8.5,809,0
Transport-4,-92,8.8,1137,0
Transport-4,-94,7.0,1107,0
Transport-4,-80,10.7,1036,0
Transport-4,-74,8.8,1209,0
Transport-4,-77,8.7,1050,0
Transport-4,-68,10.6,997,0
Transport-4,-84,8.1,976,0
Transport-4,-79,5.9,960,0
Transport-4,-85,11.6,800,0
Transport-4,-76,6.9,846,0
Transport-4,-87,5.5,1098,0
Transport-4,-82,3.8,1080,0
Transport-4,-84,5.3,1278,0
Transport-4,-76,11.0,1229,0
Transport-4,-73,6.3,1221,0
Transport-4,-78,8.8,1157,0
Transport-4,-72,12.1,1033,0
Transport-4,-83,2.1,925,0
Transport-4,-81,9.6,804,0
Transport-4,-87,7.1,800,0
Transport-4,-75,9.8,1033,0
Transport-4,-92,8.3,974,0
Transport-4,-79,9.6,1107,0
Transport-4,-77,1.8,903,0
Transport-4,-77,5.8,1263,0
Transport-4,-83,12.5,881,0
Transport-4,-78,11.5,987,0
Transport-4,-80,8.6,956,0
Transport-4,-81,6.4,1253,0
Transport-4,-75,3.8,999,0
Transport-4,-67,9.0,1097,0
Transport-4,-77,9.8,878,0
Transport-4,-82,9.0,1327,0
Transport-4,-71,8.5,821,0
Transport-4,-82,10.9,852,0
Transport-4,-85,8.4,1439,0
Transport-4,-88,11.2,872,0
Transport-4,-84,8.5,1250,0
Transport-4,-85,9.2,1138,0
Transport-4,-75,7.4,1238,0
Transport-4,-80,4.4,1143,0
Transport-4,-73,9.0,1054,0
Transport-4,-76,11.6,926,0
Transport-4,-73,7.7,802,0
Transport-4,-79,8.8,860,0
Transport-4,-80,11.4,1088,0
Transport-4,-75,11.6,1103,0
Transport-4,-76,10.2,1198,0
Transport-4,-77,12.1,1197,0
Transport-4,-81,10.7,819,0
Transport-4,-85,7.1,1305,0
Transport-4,-84,11.9,1078,0
Transport-4,-73,4.2,1067,0
Transport-4,-84,10.0,830,0
Transport-4,-74,11.1,800,0
Transport-4,-83,10.0,964,0
Transport-4,-85,6.8,1153,0
Transport-4,-75,13.0,1104,0
Transport-4,-84,8.0,1071,0
Transport-4,-69,5.0,921,0
Transport-4,-81,9.9,1000,0
Transport-4,-79,10.2,954,0
Transport-4,-86,11.0,993,0
Transport-4,-84,12.1,1325,0
Transport-4,-87,10.0,1094,0
Transport-4,-94,11.1,1019,0
Transport-4,-85,5.8,862,0
Transport-4,-83,7.0,904,0
Transport-4,-77,3.8,1238,0
Transport-4,-75,5.6,809,0
Transport-4,-78,10.8,882,0
Transport-4,-78,8.5,1284,0
Transport-4,-87,13.5,1178,0
Transport-4,-69,5.4,1099,0
Transport-4,-79,6.9,1150,0
Transport-4,-85,8.9,840,0
Transport-4,-77,6.9,1008,0
Transport-4,-72,9.2,920,0
Transport-4,-83,4.8,808,0
Transport-4,-89,9.6,1194,0
Transport-4,-81,7.5,887,0
Transport-4,-82,6.0,1030,0
Transport-4,-81,7.6,1076,0
Transport-4,-75,4.8,893,0
Transport-4,-77,6.0,894,0
Transport-4,-76,6.0,1165,0
Transport-4,-89,8.9,1003,0
Transport-4,-77,6.8,903,0
Transport-4,-81,5.5,1118,0
Transport-4,-72,7.2,1132,0
Transport-4,-75,10.2,800,0
Transport-4,-78,7.9,876,0
Transport-4,-82,10.9,926,0
Transport-4,-86,9.3,969,0
Transport-4,-88,9.7,800,0
Transport-4,-67,6.7,982,0
Transport-4,-74,6.3,964,0
Transport-4,-74,7.6,1027,0
Transport-4,-82,10.8,1291,0
Transport-4,-85,6.4,1064,0
Transport-4,-75,7.8,951,0
Transport-4,-84,7.5,800,0
Transport-4,-65,10.6,1172,0
Transport-4,-86,5.5,1350,0
Transport-4,-77,9.4,812,0
Transport-4,-78,6.6,1324,0
Transport-4,-71,7.1,1248,0
Transport-4,-75,4.9,966,0
Transport-4,-81,8.0,834,0
Transport-4,-80,4.8,800,0
Transport-4,-87,8.0,967,0
Transport-4,-89,5.4,1052,0
Transport-4,-86,5.3,800,0
Transport-4,-81,9.6,1086,0
Transport-4,-84,12.1,1138,0
Transport-4,-78,10.1,1116,0
Transport-4,-79,7.9,935,0
Transport-4,-73,10.3,1243,0
Transport-4,-91,5.3,926,0
Transport-4,-78,9.4,1014,0
Transport-4,-88,6.5,967,0
Transport-4,-81,8.3,1003,0
Transport-4,-72,6.0,1163,0
Transport-4,-78,9.4,1073,0
Transport-4,-80,6.5,882,0
Transport-4,-78,4.4,961,0
Transport-4,-87,8.2,857,0
Transport-4,-72,6.8,856,0
Transport-4,-76,7.6,1293,0
Transport-4,-90,10.1,1036,0
Transport-4,-85,5.0,1031,0
Transport-4,-75,8.2,841,0
Transport-4,-75,7.4,1084,0
Transport-4,-79,8.1,1073,0
Transport-4,-79,6.2,1238,0
Transport-4,-88,11.5,957,0
Transport-4,-79,5.9,1008,0
Transport-4,-73,12.9,800,0
Transport-4,-73,8.5,994,0
Transport-4,-82,7.4,1160,0
Transport-4,-78,7.7,1220,0
Transport-4,-69,12.1,1111,0
Transport-4,-73,11.0,1089,0
Transport-4,-78,9.4,881,0
Transport-4,-88,9.0,1110,0
Transport-4,-89,1.6,1355,1
Transport-4,-84,1.4,2138,1
Transport-4,-91,5.0,1925,1
Transport-4,-74,4.3,1621,1
Transport-4,-95,1.2,2137,1
Transport-4,-80,2.7,1549,1
Transport-4,-88,0.1,1620,1
Transport-4,-80,-0.1,2208,1
Transport-4,-83,3.4,2207,1
Transport-4,-87,6.4,1923,1
Transport-4,-73,0.3,1845,1
Transport-4,-94,-0.6,1672,1
Transport-4,-95,4.8,1457,1
Transport-4,-90,2.0,1842,1
Transport-4,-90,5.4,2398,1
Transport-4,-92,2.8,2314,1
Transport-4,-76,3.7,2071,1
Transport-4,-81,3.5,1881,1
Transport-4,-104,2.2,1858,1
Transport-4,-88,-0.9,2040,1
Transport-4,-79,-0.8,1549,1
Transport-4,-94,0.4,2518,1
Transport-4,-74,7.6,1924,1
Transport-4,-74,5.6,1327,1
Transport-4,-83,-0.8,1834,1
Transport-4,-85,5.9,1645,1
Transport-4,-86,8.0,2239,1
Transport-4,-85,2.7,2470,1
Transport-4,-90,3.5,1776,1
Transport-4,-88,2.9,2042,1
Transport-4,-97,6.0,1733,1
Transport-4,-78,2.5,1906,1
Transport-4,-95,-3.3,1618,1
Transport-4,-97,0.2,1569,1
Transport-4,-85,0.3,1802,1
Transport-4,-79,2.3,2780,1
Transport-4,-84,4.8,1544,1
Transport-4,-83,-1.8,2167,1
Transport-4,-97,7.2,2269,1
Transport-4,-98,0.3,2100,1
Transport-4,-98,9.3,1801,1
Transport-4,-96,2.2,1953,1
Transport-4,-93,6.8,2030,1
Transport-4,-93,-1.4,1886,1
Transport-4,-89,0.4,1942,1
Transport-4,-101,-2.6,2551,1
Transport-4,-76,3.2,2319,1
Transport-4,-73,2.5,1431,1
Transport-4,-75,5.5,911,1
Transport-4,-83,0.8,1483,1
Transport-4,-86,3.4,1774,1
Transport-4,-71,2.7,1792,1
Transport-4,-89,2.7,2158,1
Transport-4,-82,7.2,2143,1
Transport-4,-73,5.4,2067,1
Transport-4,-78,2.7,1687,1
Transport-4,-87,1.8,1700,1
Transport-4,-112,1.2,1484,1
Transport-4,-92,3.9,2268,1
Transport-4,-76,2.9,2507,1
Transport-4,-85,2.6,1503,1
Transport-4,-93,7.1,1479,1
Transport-4,-88,-3.5,1924,1
Transport-4,-99,4.4,1864,1
Transport-4,-76,0.3,2063,1
Transport-4,-99,-0.4,1854,1
Transport-4,-84,0.9,1960,1
Transport-4,-90,0.4,1312,1
Transport-4,-80,5.0,1473,1
Transport-4,-75,-0.5,2414,1
Transport-4,-75,2.6,1544,1
Transport-4,-89,4.2,1909,1
Transport-4,-89,-0.2,2460,1
Transport-4,-79,-0.6,1772,1
Transport-4,-88,3.8,1502,1
Transport-4,-82,4.8,1779,1
Transport-4,-98,1.8,2218,1
Transport-4,-85,6.4,2371,1
Transport-4,-103,4.6,2442,1
Transport-4,-100,5.3,2105,1
Transport-4,-94,-1.9,2176,1
Transport-4,-88,8.4,2040,1
Transport-4,-90,0.8,1772,1
Transport-4,-80,1.3,1326,1
Transport-4,-73,1.7,2058,1
Transport-4,-76,0.5,1772,1
Transport-4,-91,5.4,1420,1
Transport-4,-89,0.5,2172,1
Transport-4,-83,0.0,1637,1
Transport-4,-87,3.5,2377,1
Transport-4,-80,4.9,2651,1
Transport-4,-86,2.7,1959,1
Transport-4,-96,2.7,1208,1
Transport-4,-69,1.2,2539,1
Transport-4,-84,-0.3,2369,1
Transport-4,-83,1.1,2983,1
Transport-4,-84,4.6,1893,1
Transport-4,-87,2.0,1235,1
Transport-4,-91,3.3,1464,1
Transport-4,-107,0.3,2312,1
Transport-4,-79,-4.1,2365,1
Transport-4,-87,-2.3,2314,1
Transport-4,-93,5.3,2246,1
Transport-4,-87,3.8,2135,1
Transport-4,-94,3.1,2591,1
Transport-4,-85,-5.5,2138,1
Transport-4,-95,2.5,1795,1
Transport-4,-82,6.5,1795,1
Transport-4,-83,8.4,2007,1
Transport-4,-90,1.3,2094,1
Transport-4,-98,6.1,1530,1
Transport-4,-87,-1.8,1894,1
Transport-4,-82,-1.6,1659,1
Transport-4,-90,5.7,1615,1
Transport-4,-106,6.9,2105,1
Transport-4,-94,-0.2,1929,1
Transport-4,-81,1.7,1871,1
Transport-4,-79,3.4,1971,1
Transport-4,-104,3.2,2139,1
Transport-4,-89,3.0,2285,1
Transport-4,-78,5.6,1810,1
Transport-4,-85,3.8,1997,1
Transport-4,-79,5.8,2187,1
Transport-4,-83,4.5,2192,1
Transport-4,-84,1.5,1624,1
Transport-4,-76,1.4,2211,1
Transport-4,-91,3.3,2053,1
Transport-4,-77,6.0,1214,1
Transport-4,-86,-1.0,1485,1
Transport-4,-77,5.4,2044,1
Transport-4,-93,3.1,1807,1
Transport-4,-94,-2.1,2015,1
Transport-4,-88,7.8,1748,1
Transport-4,-89,-0.9,1613,1
Transport-4,-95,4.8,2017,1
Transport-4,-103,4.4,1726,1
Transport-4,-92,1.5,2284,1
Transport-4,-85,0.6,2243,1
Transport-4,-79,1.9,2045,1
Transport-4,-87,-0.7,1814,1
Transport-4,-93,-1.3,1340,1
Transport-4,-75,-1.9,2059,1
Transport-4,-87,1.5,1906,1
Transport-4,-102,4.3,1309,1
Transport-4,-82,2.5,1785,1
Transport-4,-79,3.0,2171,1
Transport-4,-75,3.9,1895,1
Transport-4,-89,-0.2,1536,1
Transport-4,-81,0.8,2007,1
Transport-4,-97,0.0,2248,1
Transport-4,-92,1.4,1960,1
Transport-4,-91,1.7,1554,1
Transport-4,-90,4.1,1671,1
Transport-4,-77,8.9,2015,1
Transport-4,-79,-0.9,2067,1
Transport-4,-98,-4.6,1579,1
Transport-4,-99,2.0,2008,1
Transport-4,-70,-0.4,1934,1
Transport-4,-85,-0.5,2039,1
Transport-4,-93,8.6,1809,1
Transport-4,-92,-2.5,1490,1
Transport-4,-92,-0.2,2085,1
Transport-4,-89,5.8,1807,1
Transport-4,-80,2.8,2414,1
Transport-4,-96,3.1,2414,1
Transport-4,-95,4.3,1611,1
Transport-4,-83,2.8,2024,1
Transport-4,-86,0.0,2626,1
Transport-4,-89,2.8,1976,1
Transport-4,-97,0.1,1393,1
Transport-4,-99,1.2,1821,1
Transport-4,-88,5.9,1205,1
Transport-4,-75,1.1,1628,1
Transport-4,-98,1.7,1580,1
Transport-4,-90,2.0,2433,1
Transport-4,-70,-0.7,1724,1
Transport-4,-97,3.5,1893,1
Transport-4,-97,-2.5,1762,1
Transport-4,-71,6.4,2163,1
Transport-4,-86,2.5,2247,1
Transport-4,-105,-9.9,2531,2
Transport-4,-104,-3.4,2813,2
Transport-4,-98,-5.6,2656,2
Transport-4,-106,0.6,2521,2
Transport-4,-103,-6.1,2669,2
Transport-4,-101,-4.6,2888,2
Transport-4,-99,-0.1,2675,2
Transport-4,-108,-5.3,2813,2
Transport-4,-104,-6.8,2526,2
Transport-4,-100,-11.8,2721,2
Transport-4,-105,-3.7,2362,2
Transport-4,-99,-0.2,2458,2
Transport-4,-96,-7.4,2564,2
Transport-4,-105,-1.2,2731,2
Transport-4,-98,-1.7,2814,2
Transport-4,-107,-8.4,2775,2
Transport-4,-96,-2.7,2568,2
Transport-4,-102,-5.1,2585,2
Transport-4,-107,-4.5,2446,2
Transport-4,-99,-8.3,2910,2
Transport-4,-110,-2.2,2651,2
Transport-4,-100,-4.1,2479,2
Transport-4,-95,-1.1,3000,2
Transport-4,-105,-0.6,3000,2
Transport-4,-102,-7.5,2857,2
Transport-4,-99,-4.9,2713,2
Transport-4,-106,-3.3,2992,2
Transport-4,-103,-3.0,2646,2
Transport-4,-99,-4.1,3000,2
Transport-4,-108,-7.1,2476,2
Transport-4,-102,-1.0,2578,2
Transport-4,-100,-7.5,2602,2
Transport-4,-94,-7.1,2778,2
Transport-4,-106,-6.3,2967,2
Transport-4,-108,-1.2,2770,2
Transport-4,-110,-4.3,2775,2
Transport-4,-101,-6.1,2810,2
Transport-4,-101,-2.0,2986,2
Transport-4,-103,1.5,2381,2
Transport-4,-110,-5.0,2360,2
Transport-4,-104,-8.2,2405,2
Transport-4,-102,-2.6,2822,2
Transport-4,-95,-3.2,2872,2
Transport-4,-97,-6.6,2778,2
Transport-4,-101,-6.9,2500,2
Transport-4,-106,-6.2,2596,2
Transport-4,-103,-11.7,2799,2
Transport-4,-93,-2.0,2421,2
Transport-4,-99,-2.1,2635,2
Transport-4,-111,0.9,2528,2
Transport-4,-105,-4.4,2786,2
Transport-4,-100,-9.3,2702,2
Transport-4,-100,-5.5,2975,2
Transport-4,-105,0.8,2791,2
Transport-4,-99,-7.2,2531,2
Transport-4,-94,0.4,2846,2
Transport-4,-100,-0.9,2784,2
Transport-4,-104,-2.7,2528,2
Transport-4,-106,-5.3,2296,2
Transport-4,-109,-2.8,2285,2
Transport-4,-99,-4.2,2860,2
Transport-4,-96,-5.0,2595,2
Transport-4,-90,-0.2,2885,2
Transport-4,-101,-3.7,2761,2
Transport-4,-108,-3.8,2896,2
Transport-4,-103,-0.7,2442,2
Transport-4,-102,-1.9,2214,2
Transport-4,-107,-4.5,2659,2
Transport-4,-105,-9.8,2758,2
Transport-4,-99,-10.4,2787,2
Transport-4,-104,-2.5,2900,2
Transport-4,-105,-8.0,2753,2
Transport-4,-102,-4.6,2482,2
Transport-4,-108,-0.7,2639,2
Transport-4,-99,-5.9,2446,2
Transport-4,-106,-3.0,2432,2
Transport-4,-99,2.1,2634,2
Transport-4,-104,-9.6,2946,2
Transport-4,-103,-0.8,2643,2
Transport-4,-103,-4.8,2666,2
Transport-4,-98,0.9,2881,2
Transport-4,-100,-4.1,2568,2
Transport-4,-101,-2.2,2488,2
Transport-4,-103,-6.1,2403,2
Transport-4,-95,-7.0,2386,2
Transport-4,-111,-4.5,2647,2
Transport-4,-108,2.6,2428,2
Transport-4,-94,-4.1,2303,2
Transport-4,-109,-2.1,2489,2
Transport-4,-104,-6.4,2962,2
Transport-4,-103,1.5,2949,2
Transport-4,-111,-5.4,2909,2
Transport-4,-103,0.9,2620,2
Transport-4,-105,-3.7,2578,2
Transport-4,-94,-7.6,2980,2
Transport-4,-107,-0.8,2436,2
Transport-4,-113,-6.1,2450,2
Transport-4,-107,0.0,2940,2
Transport-4,-101,-11.0,3000,2
Transport-4,-97,-4.6,2471,2
Transport-4,-96,-4.0,2732,2
Transport-4,-102,-5.9,2911,2
Transport-4,-107,-11.2,2620,2
Transport-4,-107,1.8,2784,2
Transport-4,-114,-5.0,2706,2
Transport-4,-97,-2.3,3000,2
Transport-4,-99,-0.2,2311,2
Transport-4,-104,-6.9,2771,2
Transport-4,-102,-6.4,2722,2
Transport-4,-99,-8.7,2425,2
Transport-4,-101,-0.5,3000,2
Transport-4,-101,-9.2,2517,2
Transport-4,-103,-3.3,2948,2
Transport-4,-101,-3.6,2395,2
Transport-4,-94,-5.7,2675,2
Transport-4,-103,-0.6,2809,2
Transport-4,-99,-3.5,2565,2
Transport-4,-98,-5.8,2819,2
Transport-4,-103,-7.2,2626,2
Transport-4,-102,-3.6,2666,2
Transport-5,-65,6.2,1050,0
Transport-5,-74,8.9,1013,0
Transport-5,-71,9.0,947,0
Transport-5,-68,8.7,1077,0
Transport-5,-68,7.4,918,0
Transport-5,-67,8.0,1318,0
Transport-5,-67,9.6,929,0
Transport-5,-74,10.0,1127,0
Transport-5,-72,7.0,900,0
Transport-5,-70,6.6,1152,0
Transport-5,-74,12.2,810,0
Transport-5,-65,10.5,1174,0
Transport-5,-61,9.4,985,0
Transport-5,-70,12.6,1040,0
Transport-5,-68,5.9,800,0
Transport-5,-68,10.6,1097,0
Transport-5,-65,9.8,800,0
Transport-5,-71,8.3,1157,0
Transport-5,-69,5.0,931,0
Transport-5,-78,10.1,810,0
Transport-5,-74,5.2,892,0
Transport-5,-70,9.4,806,0
Transport-5,-78,6.2,1038,0
Transport-5,-74,10.7,925,0
Transport-5,-63,6.6,901,0
Transport-5,-71,5.4,1230,0
Transport-5,-66,13.0,948,0
Transport-5,-68,8.2,800,0
Transport-5,-66,8.5,1194,0
Transport-5,-66,9.0,962,0
Transport-5,-74,6.9,1244,0
Transport-5,-68,10.2,1274,0
Transport-5,-74,8.4,800,0
Transport-5,-64,6.2,1143,0
Transport-5,-73,11.5,1283,0
Transport-5,-69,9.7,1056,0
Transport-5,-67,6.6,1078,0
Transport-5,-74,7.6,1120,0
Transport-5,-70,7.0,1042,0
Transport-5,-71,8.3,990,0
Transport-5,-66,9.2,1070,0
Transport-5,-72,11.4,814,0
Transport-5,-75,12.5,1004,0
Transport-5,-65,11.7,1004,0
Transport-5,-57,9.1,1028,0
Transport-5,-62,8.7,854,0
Transport-5,-73,2.4,1101,0
Transport-5,-72,2.3,1369,0
Transport-5,-57,5.2,1147,0
Transport-5,-77,10.4,935,0
Transport-5,-70,10.8,955,0
Transport-5,-69,8.7,998,0
Transport-5,-69,7.1,800,0
Transport-5,-66,10.8,1264,0
Transport-5,-69,7.6,1377,0
Transport-5,-70,9.1,1218,0
Transport-5,-77,9.0,1113,0
Transport-5,-75,6.7,856,0
Transport-5,-72,9.6,808,0
Transport-5,-64,13.5,817,0
Transport-5,-77,7.6,800,0
Transport-5,-62,7.4,1251,0
Transport-5,-63,8.1,1144,0
Transport-5,-71,11.5,1103,0
Transport-5,-67,4.8,824,0
Transport-5,-62,7.3,1050,0
Transport-5,-66,9.6,813,0
Transport-5,-65,7.6,986,0
Transport-5,-73,9.8,1012,0
Transport-5,-74,6.3,994,0
Transport-5,-70,4.6,1094,0
Transport-5,-69,6.7,1225,0
Transport-5,-70,7.8,800,0
Transport-5,-68,8.4,896,0
Transport-5,-67,10.5,860,0
Transport-5,-62,5.4,977,0
Transport-5,-73,7.8,878,0
Transport-5,-68,5.6,957,0
Transport-5,-61,6.1,800,0
Transport-5,-80,14.4,1028,0
Transport-5,-73,8.6,1196,0
Transport-5,-64,8.7,890,0
Transport-5,-67,4.2,1204,0
Transport-5,-72,9.4,967,0
Transport-5,-62,10.3,1206,0
Transport-5,-72,4.6,800,0
Transport-5,-72,8.9,1025,0
Transport-5,-61,10.0,1083,0
Transport-5,-75,11.7,1161,0
Transport-5,-59,7.6,1068,0
Transport-5,-61,10.3,836,0
Transport-5,-73,6.8,1099,0
Transport-5,-68,10.0,1222,0
Transport-5,-68,6.7,1038,0
Transport-5,-72,8.0,925,0
Transport-5,-67,8.0,963,0
Transport-5,-64,8.4,800,0
Transport-5,-70,6.0,957,0
Transport-5,-68,8.1,1137,0
Transport-5,-76,7.2,950,0
Transport-5,-65,7.5,1170,0
Transport-5,-69,12.2,891,0
Transport-5,-67,7.2,800,0
Transport-5,-70,8.2,1068,0
Transport-5,-65,10.4,1022,0
Transport-5,-66,3.9,994,0
Transport-5,-73,5.9,949,0
Transport-5,-70,8.3,1219,0
Transport-5,-62,11.4,1097,0
Transport-5,-69,11.0,1053,0
Transport-5,-70,10.8,1246,0
Transport-5,-72,9.3,875,0
Transport-5,-71,6.2,879,0
Transport-5,-66,12.8,1267,0
Transport-5,-74,9.7,938,0
Transport-5,-69,8.8,897,0
Transport-5,-71,7.0,1216,0
Transport-5,-70,9.8,1192,0
Transport-5,-66,9.8,1337,0
Transport-5,-74,8.6,872,0
Transport-5,-59,5.8,1129,0
Transport-5,-67,7.8,1038,0
Transport-5,-79,11.2,1007,0
Transport-5,-66,8.2,1117,0
Transport-5,-69,12.0,1101,0
Transport-5,-76,4.1,1035,0
Transport-5,-77,8.1,1367,0
Transport-5,-75,8.3,1058,0
Transport-5,-73,13.6,1076,0
Transport-5,-63,6.9,800,0
Transport-5,-69,6.2,800,0
Transport-5,-71,12.3,831,0
Transport-5,-59,8.3,897,0
Transport-5,-70,14.1,1031,0
Transport-5,-76,4.8,800,0
Transport-5,-71,13.1,1230,0
Transport-5,-74,10.3,806,0
Transport-5,-69,10.6,808,0
Transport-5,-71,9.7,1099,0
Transport-5,-65,8.7,1024,0
Transport-5,-65,7.1,1075,0
Transport-5,-65,7.0,903,0
Transport-5,-60,6.2,901,0
Transport-5,-66,8.6,818,0
Transport-5,-67,10.1,982,0
Transport-5,-68,7.5,1116,0
Transport-5,-69,7.5,894,0
Transport-5,-66,6.6,1004,0
Transport-5,-70,12.2,964,0
Transport-5,-73,6.9,1400,0
Transport-5,-64,10.7,1297,0
Transport-5,-64,4.5,971,0
Transport-5,-69,9.2,957,0
Transport-5,-70,3.9,890,0
Transport-5,-75,5.8,1186,0
Transport-5,-73,10.5,1259,0
Transport-5,-78,12.2,1103,0
Transport-5,-69,9.0,1259,0
Transport-5,-73,8.2,1031,0
Transport-5,-59,11.1,920,0
Transport-5,-73,11.5,1005,0
Transport-5,-64,5.7,826,0
Transport-5,-74,4.6,1282,0
Transport-5,-69,6.7,891,0
Transport-5,-75,8.2,965,0
Transport-5,-63,12.4,952,0
Transport-5,-72,6.4,1020,0
Transport-5,-75,5.8,801,0
Transport-5,-64,9.5,901,0
Transport-5,-72,8.9,1091,0
Transport-5,-70,10.5,1128,0
Transport-5,-77,12.6,920,0
Transport-5,-71,10.6,1066,0
Transport-5,-68,9.5,1007,0
Transport-5,-76,5.5,997,0
Transport-5,-71,8.0,1109,0
Transport-5,-69,9.9,906,0
Transport-5,-72,10.4,986,0
Transport-5,-68,8.8,1133,0
Transport-5,-66,11.2,1337,0
Transport-5,-76,9.4,801,0
Transport-5,-69,5.8,854,0
Transport-5,-59,7.1,985,0
Transport-5,-65,10.8,1107,0
Transport-5,-75,8.2,1175,0
Transport-5,-79,11.0,873,0
Transport-5,-75,4.8,1118,0
Transport-5,-74,6.6,1039,0
Transport-5,-74,11.3,1091,0
Transport-5,-69,2.5,1063,0
Transport-5,-62,8.9,1302,0
Transport-5,-81,7.3,800,0
Transport-5,-75,9.8,1172,0
Transport-5,-71,14.8,960,0
Transport-5,-62,8.6,1189,0
Transport-5,-70,6.4,1093,0
Transport-5,-69,7.6,841,0
Transport-5,-65,8.1,1063,0
Transport-5,-76,7.9,1257,0
Transport-5,-70,9.0,1022,0
Transport-5,-74,12.1,882,0
Transport-5,-70,8.2,988,0
Transport-5,-65,7.5,1365,0
Transport-5,-73,11.4,1172,0
Transport-5,-71,11.8,1329,0
Transport-5,-66,9.7,866,0
Transport-5,-67,8.7,938,0
Transport-5,-69,13.4,800,0
Transport-5,-80,8.4,1094,0
Transport-5,-78,9.0,1024,0
Transport-5,-74,10.1,1070,0
Transport-5,-66,9.8,1149,0
Transport-5,-70,8.8,1129,0
Transport-5,-71,8.0,1261,0
Transport-5,-66,8.4,853,0
Transport-5,-71,9.6,1028,0
Transport-5,-65,9.0,1324,0
Transport-5,-72,8.5,805,0
Transport-5,-63,4.1,897,0
Transport-5,-72,10.3,932,0
Transport-5,-77,11.5,1031,0
Transport-5,-72,6.2,1168,0
Transport-5,-63,6.2,946,0
Transport-5,-73,6.7,806,0
Transport-5,-68,6.8,944,0
Transport-5,-64,9.0,1183,0
Transport-5,-72,5.2,834,0
Transport-5,-62,9.6,919,0
Transport-5,-67,6.9,1156,0
Transport-5,-62,5.4,1205,0
Transport-5,-75,6.0,923,0
Transport-5,-68,7.8,1200,0
Transport-5,-76,7.3,1055,0
Transport-5,-68,8.7,824,0
Transport-5,-73,7.8,1241,0
Transport-5,-68,5.4,1009,0
Transport-5,-62,9.5,1071,0
Transport-5,-69,8.4,1092,0
Transport-5,-66,10.5,823,0
Transport-5,-65,5.3,1063,0
Transport-5,-72,10.0,878,0
Transport-5,-64,9.2,1012,0
Transport-5,-65,9.4,1104,0
Transport-5,-73,7.3,1083,0
Transport-5,-77,11.1,805,0
Transport-5,-69,10.3,1005,0
Transport-5,-63,5.1,1114,0
Transport-5,-70,6.6,981,0
Transport-5,-78,8.3,854,0
Transport-5,-66,8.4,931,0
Transport-5,-70,9.3,876,0
Transport-5,-63,10.0,1377,0
Transport-5,-67,7.5,903,0
Transport-5,-69,7.6,988,0
Transport-5,-67,8.3,987,0
Transport-5,-68,6.8,1231,0
Transport-5,-64,9.5,843,0
Transport-5,-75,9.4,979,0
Transport-5,-64,8.0,1197,0
Transport-5,-68,8.8,1001,0
Transport-5,-63,11.1,1226,0
Transport-5,-71,5.6,948,0
Transport-5,-64,11.5,937,0
Transport-5,-59,8.4,975,0
Transport-5,-68,9.0,1049,0
Transport-5,-67,5.4,1079,0
Transport-5,-68,10.8,888,0
Transport-5,-69,10.2,1158,0
Transport-5,-65,7.2,1246,0
Transport-5,-70,11.3,1173,0
Transport-5,-76,8.9,1064,0
Transport-5,-67,6.5,801,0
Transport-5,-71,7.5,1098,0
Transport-5,-63,8.1,963,0
Transport-5,-67,11.4,982,0
Transport-5,-69,9.6,1139,0
Transport-5,-65,10.1,1062,0
Transport-5,-67,10.3,932,0
Transport-5,-72,4.9,1010,0
Transport-5,-73,7.9,960,0
Transport-5,-72,7.6,806,0
Transport-5,-71,8.8,1356,0
Transport-5,-65,11.3,1058,0
Transport-5,-68,9.3,895,0
Transport-5,-60,9.7,807,0
Transport-5,-67,7.4,843,0
Transport-5,-72,8.7,924,0
Transport-5,-74,6.9,931,0
Transport-5,-67,9.1,983,0
Transport-5,-68,6.1,1124,0
Transport-5,-65,8.5,805,0
Transport-5,-70,8.0,830,0
Transport-5,-74,9.4,1221,0
Transport-5,-69,6.9,1311,0
Transport-5,-71,10.2,817,0
Transport-5,-61,7.9,875,0
Transport-5,-76,8.0,962,0
Transport-5,-75,9.1,927,0
Transport-5,-67,12.0,1225,0
Transport-5,-73,4.9,1162,0
Transport-5,-76,0.6,1992,1
Transport-5,-89,3.4,2067,1
Transport-5,-83,4.4,1623,1
Transport-5,-80,1.1,1558,1
Transport-5,-83,3.5,2331,1
Transport-5,-85,-1.3,1952,1
Transport-5,-80,6.9,2104,1
Transport-5,-74,3.7,1929,1
Transport-5,-86,6.7,2071,1
Transport-5,-74,-1.2,1570,1
Transport-5,-90,0.3,1554,1
Transport-5,-80,2.6,1854,1
Transport-5,-81,1.0,2389,1
Transport-5,-76,2.6,1387,1
Transport-5,-83,2.0,2133,1
Transport-5,-70,2.1,2171,1
Transport-5,-76,6.5,1848,1
Transport-5,-92,6.3,1999,1
Transport-5,-87,4.9,1660,1
Transport-5,-84,-0.0,1637,1
Transport-5,-66,2.8,1786,1
Transport-5,-76,2.2,2288,1
Transport-5,-75,-2.4,1792,1
Transport-5,-84,4.2,2082,1
Transport-5,-77,0.3,1337,1
Transport-5,-91,-0.4,2172,1
Transport-5,-90,2.7,1131,1
Transport-5,-86,-0.2,2246,1
Transport-5,-71,4.8,2304,1
Transport-5,-75,6.4,1476,1
Transport-5,-76,-2.2,2095,1
Transport-5,-89,0.4,1881,1
Transport-5,-84,1.6,1792,1
Transport-5,-72,0.3,1715,1
Transport-5,-76,4.1,1599,1
Transport-5,-82,4.6,2045,1
Transport-5,-88,2.5,1712,1
Transport-5,-98,11.7,1942,1
Transport-5,-77,4.2,1892,1
Transport-5,-88,4.6,2450,1
Transport-5,-72,0.7,1017,1
Transport-5,-81,0.5,2167,1
Transport-5,-72,7.0,1722,1
Transport-5,-94,4.4,2018,1
Transport-5,-77,0.8,1847,1
Transport-5,-66,-2.7,1813,1
Transport-5,-81,4.6,1927,1
Transport-5,-78,-0.4,1771,1
Transport-5,-83,7.0,1432,1
Transport-5,-84,6.4,2436,1
Transport-5,-80,5.0,2181,1
Transport-5,-77,1.9,2729,1
Transport-5,-70,1.9,1840,1
Transport-5,-91,7.3,1184,1
Transport-5,-83,1.3,1972,1
Transport-5,-69,4.8,1904,1
Transport-5,-83,-1.8,2343,1
Transport-5,-91,6.5,1786,1
Transport-5,-76,2.1,1646,1
Transport-5,-90,2.4,2499,1
Transport-5,-85,-1.1,1289,1
Transport-5,-82,-0.9,2107,1
Transport-5,-80,-0.5,1195,1
Transport-5,-85,2.9,1448,1
Transport-5,-88,4.2,2178,1
Transport-5,-75,4.4,2051,1
Transport-5,-88,-3.3,1510,1
Transport-5,-91,2.8,1862,1
Transport-5,-83,5.9,1693,1
Transport-5,-81,4.6,2470,1
Transport-5,-81,-3.6,1824,1
Transport-5,-78,9.9,1486,1
Transport-5,-97,-1.4,1989,1
Transport-5,-71,-0.5,2146,1
Transport-5,-95,1.3,2133,1
Transport-5,-77,2.5,2044,1
Transport-5,-63,-0.1,1883,1
Transport-5,-79,5.0,1546,1
Transport-5,-72,9.4,2038,1
Transport-5,-90,-2.4,2207,1
Transport-5,-65,2.0,1396,1
Transport-5,-97,7.4,1839,1
Transport-5,-92,-0.9,2614,1
Transport-5,-88,0.7,2117,1
Transport-5,-73,3.9,1513,1
Transport-5,-79,3.3,1273,1
Transport-5,-71,-2.4,1847,1
Transport-5,-85,3.9,1870,1
Transport-5,-83,0.1,2495,1
Transport-5,-83,4.1,1435,1
Transport-5,-81,2.0,2303,1
Transport-5,-80,3.0,1645,1
Transport-5,-87,3.0,1844,1
Transport-5,-85,1.2,1698,1
Transport-5,-78,5.2,1788,1
Transport-5,-74,1.6,1954,1
Transport-5,-68,2.8,983,1
Transport-5,-79,-0.2,1527,1
Transport-5,-80,8.2,1946,1
Transport-5,-98,4.1,2279,1
Transport-5,-86,1.8,1232,1
Transport-5,-72,1.6,1693,1
Transport-5,-79,1.9,1769,1
Transport-5,-84,5.8,1901,1
Transport-5,-89,4.1,1389,1
Transport-5,-87,6.8,2402,1
Transport-5,-82,-0.4,1879,1
Transport-5,-75,3.8,1753,1
Transport-5,-80,-1.1,863,1
Transport-5,-91,5.9,1619,1
Transport-5,-90,4.4,1978,1
Transport-5,-75,3.4,1523,1
Transport-5,-84,0.0,2159,1
Transport-5,-91,-0.5,1950,1
Transport-5,-95,4.0,1693,1
Transport-5,-77,-1.0,2360,1
Transport-5,-79,-1.8,2192,1
Transport-5,-78,1.8,2170,1
Transport-5,-96,1.5,1550,1
Transport-5,-89,2.7,2206,1
Transport-5,-86,-2.8,2225,1
Transport-5,-83,2.2,2534,1
Transport-5,-70,3.8,1748,1
Transport-5,-84,5.4,1161,1
Transport-5,-79,-1.7,1669,1
Transport-5,-78,-0.4,2765,1
Transport-5,-79,1.8,1954,1
Transport-5,-94,-0.3,1806,1
Transport-5,-68,1.0,2374,1
Transport-5,-80,4.4,1754,1
Transport-5,-77,-4.5,1885,1
Transport-5,-63,0.9,2146,1
Transport-5,-81,1.5,1655,1
Transport-5,-82,2.5,1868,1
Transport-5,-77,3.4,1450,1
Transport-5,-78,-1.6,1928,1
Transport-5,-88,4.4,1777,1
Transport-5,-69,8.5,1665,1
Transport-5,-92,5.3,1326,1
Transport-5,-88,2.6,1939,1
Transport-5,-81,5.5,1454,1
Transport-5,-86,0.4,1936,1
Transport-5,-87,-2.3,1583,1
Transport-5,-68,6.8,1868,1
Transport-5,-79,3.6,2004,1
Transport-5,-78,3.8,2255,1
Transport-5,-78,0.2,2095,1
Transport-5,-78,5.2,2536,1
Transport-5,-88,0.6,1233,1
Transport-5,-70,0.2,1962,1
Transport-5,-86,7.6,1720,1
Transport-5,-74,3.5,2149,1
Transport-5,-74,2.2,2324,1
Transport-5,-81,2.2,1331,1
Transport-5,-76,2.9,1863,1
Transport-5,-88,-0.2,1748,1
Transport-5,-84,-1.6,1745,1
Transport-5,-85,3.0,1732,1
Transport-5,-80,0.3,1889,1
Transport-5,-85,3.0,1986,1
Transport-5,-91,2.2,2043,1
Transport-5,-87,6.3,1471,1
Transport-5,-89,-1.6,1501,1
Transport-5,-91,8.1,2269,1
Transport-5,-81,6.2,1950,1
Transport-5,-86,-0.7,1444,1
Transport-5,-78,0.2,2381,1
Transport-5,-68,6.1,2218,1
Transport-5,-77,5.7,2132,1
Transport-5,-85,5.2,2079,1
Transport-5,-64,3.8,1877,1
Transport-5,-81,-4.0,1649,1
Transport-5,-86,2.3,2216,1
Transport-5,-82,3.1,2123,1
Transport-5,-71,5.2,2035,1
Transport-5,-73,1.9,1491,1
Transport-5,-74,0.8,1789,1
Transport-5,-83,5.1,1861,1
Transport-5,-84,1.5,1512,1
Transport-5,-84,-3.3,1971,1
Transport-5,-101,-5.4,2548,2
Transport-5,-102,-2.2,2977,2
Transport-5,-97,-2.2,2749,2
Transport-5,-97,-5.4,2562,2
Transport-5,-95,-4.8,2975,2
Transport-5,-98,-7.4,2800,2
Transport-5,-105,0.0,2450,2
Transport-5,-100,-7.7,2332,2
Transport-5,-106,-7.2,2815,2
Transport-5,-95,-2.5,2391,2
Transport-5,-103,-2.1,2821,2
Transport-5,-106,-5.8,2383,2
Transport-5,-92,-7.8,2585,2
Transport-5,-97,5.5,2484,2
Transport-5,-99,-3.1,2566,2
Transport-5,-102,-7.5,2898,2
Transport-5,-97,-4.4,2729,2
Transport-5,-96,-7.6,2721,2
Transport-5,-103,0.1,2705,2
Transport-5,-99,-2.0,2423,2
Transport-5,-107,-3.0,2974,2
Transport-5,-105,-3.0,2603,2
Transport-5,-104,-7.0,2904,2
Transport-5,-97,1.2,2773,2
Transport-5,-96,-6.7,3000,2
Transport-5,-101,-11.2,2722,2
Transport-5,-103,-4.1,2870,2
Transport-5,-101,-5.1,2711,2
Transport-5,-92,-4.1,2789,2
Transport-5,-96,-9.7,2687,2
Transport-5,-96,-1.8,2974,2
Transport-5,-90,-4.4,2579,2
Transport-5,-98,-6.8,2191,2
Transport-5,-96,-2.6,2576,2
Transport-5,-98,-5.8,2994,2
Transport-5,-99,-8.0,2634,2
Transport-5,-104,-6.5,2669,2
Transport-5,-93,-8.1,2845,2
Transport-5,-98,-4.4,2851,2
Transport-5,-104,-4.6,2611,2
Transport-5,-100,0.8,2909,2
Transport-5,-108,-5.3,2633,2
Transport-5,-93,-2.4,2706,2
Transport-5,-90,-0.8,3000,2
Transport-5,-94,-4.9,2624,2
Transport-5,-93,-5.1,2014,2
Transport-5,-94,-10.1,2231,2
Transport-5,-100,-2.0,2780,2
Transport-5,-99,-5.9,2849,2
Transport-5,-106,-10.9,2849,2
Transport-5,-100,-6.5,2420,2
Transport-5,-104,-6.5,2988,2
Transport-5,-95,-10.0,3000,2
Transport-5,-94,-9.1,2484,2
Transport-5,-101,-8.9,2538,2
Transport-5,-97,-5.5,2704,2
Transport-5,-98,-0.3,2301,2
Transport-5,-95,-1.8,2507,2
Transport-5,-101,-3.5,2512,2
Transport-5,-102,-9.3,2694,2
Transport-5,-104,-5.6,2532,2
Transport-5,-101,-1.4,2676,2
Transport-5,-100,4.0,2744,2
Transport-5,-101,-5.5,2984,2
Transport-5,-99,0.6,2494,2
Transport-5,-97,-3.8,2489,2
Transport-5,-94,-11.5,2768,2
Transport-5,-108,1.4,2648,2
Transport-5,-103,-1.7,2526,2
Transport-5,-94,-2.6,2971,2
Transport-5,-96,-9.6,2580,2
Transport-5,-108,-8.1,2653,2
Transport-5,-97,-7.5,2325,2
Transport-5,-100,-2.8,2877,2
Transport-5,-100,1.8,2761,2
Transport-5,-98,-9.8,2220,2
Transport-5,-100,4.0,2561,2
Transport-5,-95,0.1,2660,2
Transport-5,-102,-7.3,2068,2
Transport-5,-109,-3.8,2560,2
Transport-5,-99,-6.4,2618,2
Transport-5,-102,-3.4,2718,2
Transport-5,-99,-10.0,2710,2
Transport-5,-92,-4.8,2940,2
Transport-5,-91,-7.0,2921,2
Transport-5,-94,-5.8,2897,2
Transport-5,-96,-4.8,2811,2
Transport-5,-95,-3.3,2741,2
Transport-5,-96,-1.2,2859,2
Transport-5,-107,-4.0,2720,2
Transport-5,-108,-6.6,2512,2
Transport-5,-99,-3.8,2684,2
Transport-5,-102,-10.2,2948,2
Transport-5,-104,-7.8,2774,2
Transport-5,-102,-1.3,2569,2
Transport-5,-91,-2.5,2855,2
Transport-5,-98,-10.7,3000,2
Transport-5,-98,-9.5,2470,2
Transport-5,-101,-0.6,2787,2
Transport-5,-92,-8.5,2937,2
Transport-5,-92,-2.3,2453,2
Transport-5,-97,-3.3,2838,2
Transport-5,-98,-3.4,2346,2
Transport-5,-98,-1.5,2662,2
Transport-5,-105,-5.2,2928,2
Transport-5,-105,-8.3,2440,2
Transport-5,-106,-4.7,2297,2
Transport-5,-95,-6.1,2680,2
Transport-5,-107,-1.1,2395,2
Transport-5,-92,0.0,2529,2
Transport-5,-96,-7.6,2615,2
Transport-5,-98,-6.4,2501,2
Transport-5,-89,-2.9,3000,2
Transport-5,-105,-2.4,2714,2
Transport-5,-107,-8.5,2903,2
Transport-5,-98,-4.0,2984,2
Transport-5,-101,-0.3,2330,2
Transport-5,-102,-5.6,2765,2
Transport-5,-101,-8.5,2838,2
Transport-5,-100,-7.5,2699,2
